pinyintone,pinyinnone,pinyinnum,traditional,simplified,MC,OC,datasource,sensorymod
ā~tì,a~ti,a1~ti4,阿嚏,阿嚏,'a~tejH,*qˤa[j]~*[t]ˤi[t]-s (< *t.lˤ-?),GongLiangYu,SOUND
ā~tì,a~ti,a1~ti4,啊嚏,啊嚏,NA~tejH,NA~*[t]ˤi[t]-s (< *t.lˤ-?),GongLiangYu,SOUND
ā~tì,a~ti,a1~ti4,阿叱,阿叱,'a,*qˤa[j],GongLiangYu,SOUND
a~yā,a~ya,a5~ya1,啊呀,啊呀,NA,NA,GongLiangYu,SOUND
a~yī,a~yi,a5~yi1,啊咿,啊咿,NA~'jij,NA~*[ʔ]ij,GongLiangYu,SOUND
ā~yō,a~yo,a1~yo1,阿唷,阿唷,'a,*qˤa[j],GongLiangYu,SOUND
ā~yòu,a~you,a1~you4,阿侑,阿侑,'a,*qˤa[j],GongLiangYu,SOUND
à,a,a4,啊,啊,NA,NA,GongLiangYu,SOUND
āi,ai,ai1,唉,唉,NA,NA,GongLiangYu,SOUND
āi,ai,ai1,哎,哎,NA,NA,GongLiangYu,SOUND
āi~āi,ai~ai,ai1~ai1,唉唉,唉唉,NA,NA,GongLiangYu,SOUND
āi~yā,ai~ya,ai1~ya1,哎呀,哎呀,NA,NA,GongLiangYu,SOUND
āi~yō,ai~yo,ai1~yo1,哎唷,哎唷,NA,NA,GongLiangYu,SOUND
āi~yōu,ai~you,ai1~you1,哎呦,哎呦,NA,NA,GongLiangYu,SOUND
ǎi~nǎi,ai~nai,ai3~nai3,欸乃,欸乃,NA~nojX,NA~*nˤə(ŋ)ʔ,GongLiangYu,SOUND
áo~áo,ao~ao,ao2~ao2,嗷嗷,嗷嗷,NA,NA,GongLiangYu,SOUND
bā,ba,ba1,吧,吧,NA,NA,GongLiangYu,SOUND
bā,ba,ba1,叭,叭,NA,NA,GongLiangYu,SOUND
bā~bā,ba~ba,ba1~ba1,叭叭,叭叭,NA,NA,GongLiangYu,SOUND
bā~dā,ba~da,ba1~da1,吧嗒,吧嗒,NA,NA,GongLiangYu,SOUND
bā~dā,ba~da,ba1~da1,吧噠,吧哒,NA,NA,GongLiangYu,SOUND
bā~dā~bā~dā,ba~da~ba~da,ba1~da1~ba1~da1,吧嗒吧嗒,吧嗒吧嗒,NA,NA,GongLiangYu,SOUND
bā~dī,ba~di,ba1~di,吧的,吧的,NA~tek,NA~*[t-l]ˤewk,GongLiangYu,SOUND
bā~jī,ba~ji,ba1~ji1,吧唧,吧唧,NA,NA,GongLiangYu,SOUND
bā~jī,ba~ji,ba1~ji1,叭唧,叭唧,NA,NA,GongLiangYu,SOUND
ba~jī~ba~jī,ba~ji~ba~ji,ba1~ji1~ba5~ji1,吧唧吧唧,吧唧吧唧,NA,NA,GongLiangYu,SOUND
bāng,bang,bang1,梆,梆,NA,NA,GongLiangYu,SOUND
bāng~bāng~pò~pò,bang~bang~po~po,bang1~bang1~po4~po4,澎澎魄魄,澎澎魄魄,NA~NA~phaek~phaek,NA~NA~*pʰˤrak~*pʰˤrak,GongLiangYu,SOUND
bāng~láng~bāng~láng,bang~lang~bang~lang,bang1~lang2~bang1~lang2,幫郎幫郎,帮郎帮郎,NA~lang~NA~lang,NA~*C.rˤaŋ~NA~*C.rˤaŋ,GongLiangYu,SOUND
bāng~lāng~bāng~lāng,bang~lang~bang~lang,bang1~lang1~bang1~lang1,幫啷幫啷,帮啷帮啷,NA,NA,GongLiangYu,SOUND
bēng,beng,beng1,嘣,嘣,NA,NA,GongLiangYu,SOUND
pēng,peng,peng1,磞,磞,NA,NA,GongLiangYu,SOUND
bēng~bēng,beng~beng,beng1~beng1,嘣嘣,嘣嘣,NA,NA,GongLiangYu,SOUND
bì~bì~bō~bō,bi~bi~bo~bo,bi4~bi4~bo1~bo1,畢畢剝剝,毕毕剥剥,pjit~pjit~paewk~paewk,*pi[t]~*pi[t]~*[p]ˤrok (~ *mə-pˤrok)~*[p]ˤrok (~ *mə-pˤrok),GongLiangYu,SOUND
bì~bì~bō~bō,bi~bi~bo~bo,bi4~bi4~bo1~bo1,嗶嗶剝剝,哔哔剥剥,NA~NA~paewk~paewk,NA~NA~*[p]ˤrok (~ *mə-pˤrok)~*[p]ˤrok (~ *mə-pˤrok),GongLiangYu,SOUND
bì~bì~bō~bō,bi~bi~bo~bo,bi4~bi4~bo1~bo1,必必剝剝,必必剥剥,pjit~pjit~paewk~paewk,*pi[t]~*pi[t]~*[p]ˤrok (~ *mə-pˤrok)~*[p]ˤrok (~ *mə-pˤrok),GongLiangYu,SOUND
bì~bì~pā~pā,bi~bi~pa~pa,bi4~bi4~pa1~pa1,畢畢啪啪,毕毕啪啪,pjit~pjit,*pi[t]~*pi[t],GongLiangYu,SOUND
bì~bō,bi~bo,bi4~bo1,必剝,必剥,pjit~paewk,*pi[t]~*[p]ˤrok (~ *mə-pˤrok),GongLiangYu,SOUND
bì~bō~bō,bi~bo~bo,bi4~bo1~bo1,嗶剝剝,哔剥剥,NA~paewk~paewk,NA~*[p]ˤrok (~ *mə-pˤrok)~*[p]ˤrok (~ *mə-pˤrok),GongLiangYu,SOUND
bì~lī~pā~la,bi~li~pa~la,bi4~li1~pa1~la5,嗶哩啪啦,哔哩啪啦,NA,NA,GongLiangYu,SOUND
bì~lǐ~pāi~lā,bi~li~pai~la,bi4~li3~pai1~la1,畢裡拍拉,毕里拍拉,pjit~NA~phaek~lop,*pi[t]~NA~*mə-pʰˤrak~*[r]ˤəp,GongLiangYu,SOUND
bì~lǜ~bù~lā,bi~lü~bu~la,bi4~lü4~bu4~la1,必律不剌,必律不剌,pjit~lwit~pjuw~lat,*pi[t]~*[r]ut~*pə~*mə.rˤat (~ C.rˤat ?),GongLiangYu,SOUND
bì~líu~bù~lā,bi~liu~bu~la,bi4~liu2~bu4~la1,必留不剌,必留不剌,pjit~ljuw~pjuw~lat,*pi[t]~*C.ru~*pə~*mə.rˤat (~ C.rˤat ?),GongLiangYu,SOUND
bì~lì~bù~lā,bi~li~bu~la,bi4~li4~bu4~la1,必力不剌,必力不剌,pjit~lik~pjuw~lat,*pi[t]~*k.rək~*pə~*mə.rˤat (~ C.rˤat ?),GongLiangYu,SOUND
bì~līu~bù~lā,bi~liu~bu~la,bi4~liu1~bu4~la1,必溜不剌,必溜不剌,pjit~NA~pjuw~lat,*pi[t]~NA~*pə~*mə.rˤat (~ C.rˤat ?),GongLiangYu,SOUND
bào~bào,bao~bao,bao4~bao4,趵趵,趵趵,NA,NA,GongLiangYu,SOUND
bō~bō,bo~bo,bo1~bo1,鮁鮁,鮁鮁,NA,NA,GongLiangYu,SOUND
bá~bá,ba~ba,ba2~ba2,拔拔,拔拔,beat~beat,*bˤ<r>ot~*bˤ<r>ot,GongLiangYu,SOUND
bō~gé~bō~gé,bo~ge~bo~ge,bo1~ge2~bo1~ge2,剝格剝格,剥格剥格,paewk~kaek~paewk~kaek,*[p]ˤrok (~ *mə-pˤrok)~*kˤrak~*[p]ˤrok (~ *mə-pˤrok)~*kˤrak,GongLiangYu,SOUND
bǔ~bǔ~chī~chī,bu~bu~chi~chi,bu3~bu3~chi1~chi1,卜卜赤赤,卜卜赤赤,puwk~puwk~tsyhek~tsyhek,*pˤok~*pˤok~*[t-qʰ](r)Ak~*[t-qʰ](r)Ak,GongLiangYu,SOUND
bù~lā~lā,bu~la~la,bu4~la1~la1,不剌剌,不剌剌,pjuw~lat~lat,*pə~*mə.rˤat (~ C.rˤat ?)~*mə.rˤat (~ C.rˤat ?),GongLiangYu,SOUND
bù~lǎ~lǎ,bu~la~la,bu4~la3~la3,不喇喇,不喇喇,pjuw,*pə,GongLiangYu,SOUND
fā~la~la,fa~la~la,fa1~la5~la5,沷啦啦,沷啦啦,NA,NA,GongLiangYu,SOUND
bá~la~la,ba~la~la,ba2~la5~la5,拔啦啦,拔啦啦,beat,*bˤ<r>ot,GongLiangYu,SOUND
bù~lǎng~lǎng,bu~lang~lang,bu4~lang3~lang3,不朗朗,不朗朗,pjuw~langX~langX,*pə~*k.rˤaŋʔ~*k.rˤaŋʔ,GongLiangYu,SOUND
bù~láng~láng,bu~lang~lang,bu4~lang2~lang2,不琅琅,不琅琅,pjuw~lang~lang,*pə~*[r]ˤaŋ~*[r]ˤaŋ,GongLiangYu,SOUND
cā,ca,ca1,擦,擦,NA,NA,GongLiangYu,SOUND
qiè,qie,qie4,㗫,㗫,NA,NA,GongLiangYu,SOUND
cā~cā,ca~ca,ca1~ca1,擦擦,擦擦,NA,NA,GongLiangYu,SOUND
cā~cā,ca~ca,ca1~ca1,㗫㗫,㗫㗫,NA,NA,GongLiangYu,SOUND
cā~dá,ca~da,ca1~da2,擦達,擦达,NA~dat,NA~*[l]ˤat,GongLiangYu,SOUND
cáo,cao,cao2,嘈,嘈,NA,NA,GongLiangYu,SOUND
cáo~cáo,cao~cao,cao2~cao2,嘈嘈,嘈嘈,NA,NA,GongLiangYu,SOUND
cēng,ceng,ceng1,噌,噌,NA,NA,GongLiangYu,SOUND
chā,cha,cha1,喳,喳,NA,NA,GongLiangYu,SOUND
chā~chā,cha~cha,cha1~cha1,喳喳,喳喳,NA,NA,GongLiangYu,SOUND
chā~dá,cha~da,cha1~da2,喳達,喳达,NA~dat,NA~*[l]ˤat,GongLiangYu,SOUND
chā~dá~chā~dá,cha~da~cha~da,cha1~da2~cha1~da2,喳達喳達,喳达喳达,NA~dat~NA~dat,NA~*[l]ˤat~NA~*[l]ˤat,GongLiangYu,SOUND
chán~chán,chan~chan,chan2~chan2,潺潺,潺潺,NA,NA,GongLiangYu,SOUND
chēng,cheng,cheng1,琤,琤,NA,NA,GongLiangYu,SOUND
chēng~chēng,cheng~cheng,cheng1~cheng1,琤琤,琤琤,NA,NA,GongLiangYu,SOUND
chēng~cōng,cheng~cong,cheng1~cong1,琤瑽,琤瑽,NA,NA,GongLiangYu,SOUND
chēng~hóng,cheng~hong,cheng1~hong2,噌吰,噌吰,NA,NA,GongLiangYu,SOUND
chī,chi,chi1,哧,哧,NA,NA,GongLiangYu,SOUND
chī,chi,chi1,嗤,嗤,NA,NA,GongLiangYu,SOUND
chī~chá,chi~cha,chi1~cha2,吃察,吃察,NA~tsrheat,NA~*[tsʰ]ˤret,GongLiangYu,SOUND
chī~chī,chi~chi,chi1~chi1,哧哧,哧哧,NA,NA,GongLiangYu,SOUND
chī~chī,chi~chi,chi1~chi1,嗤嗤,嗤嗤,NA,NA,GongLiangYu,SOUND
chī~chī,chi~chi,chi1~chi1,吃吃,吃吃,NA,NA,GongLiangYu,SOUND
chī~dì,chi~di,chi1~di4,吃地,吃地,NA~dijH,NA~*[l]ˤej-s,GongLiangYu,SOUND
chī~dì,he~di,chi1~di4,紇地,纥地,NA~dijH,NA~*[l]ˤej-s,GongLiangYu,SOUND
chī~dì,xi~di,chi1~di4,吸地,吸地,xip~dijH,*qʰ(r)əp~*[l]ˤej-s,GongLiangYu,SOUND
chī~dì,xi~de,chi1~di4,吸的,吸的,xip~tek,*qʰ(r)əp~*[t-l]ˤewk,GongLiangYu,SOUND
chī~chī~hā~hā,chi~chi~ha~ha,chi1~chi1~ha1~ha1,哧哧哈哈,哧哧哈哈,NA,NA,GongLiangYu,SOUND
chī~la~chī~la,chi~la~chi~la,chi1~la5~chi1~la5,嗤啦嗤啦,嗤啦嗤啦,NA,NA,GongLiangYu,SOUND
chì~lì~lì,chi~li~li,chi4~li4~li4,赤力力,赤力力,tsyhek~lik~lik,*[t-qʰ](r)Ak~*k.rək~*k.rək,GongLiangYu,SOUND
chì~lì~lì,chi~lv~lv,chi4~li4~li4,赤律律,赤律律,tsyhek~lwit~lwit,*[t-qʰ](r)Ak~*[r]ut~*[r]ut,GongLiangYu,SOUND
chì~lì~lì,xi~li~li,chi4~li4~li4,吸力力,吸力力,xip~lik~lik,*qʰ(r)əp~*k.rək~*k.rək,GongLiangYu,SOUND
chì~lì~lì,xi~lin~lin,chi4~li4~li4,吸淋淋,吸淋淋,xip~lim~lim,*qʰ(r)əp~*r[ə]m~*r[ə]m,GongLiangYu,SOUND
chì~lì~lì,xi~li~li,chi4~li4~li4,吸哩哩,吸哩哩,xip,*qʰ(r)əp,GongLiangYu,SOUND
chī~līu,chi~liu,chi1~liu1,哧溜,哧溜,NA,NA,GongLiangYu,SOUND
chī~pī~pī,chi~pi~pi,chi1~pi1~pi1,吃丕丕,吃丕丕,NA~phij~phij,NA~*pʰrə~*pʰrə,GongLiangYu,SOUND
chī~pī~pī,chi~te~te,chi1~pi1~pi1,吃忒忒,吃忒忒,NA~thok~thok,NA~*l̥ˤək~*l̥ˤək,GongLiangYu,SOUND
chī~pī~pī,ke~pi~pi,chi1~pi1~pi1,可丕丕,可丕丕,khaX~phij~phij,*[k]ʰˤa[j]ʔ~*pʰrə~*pʰrə,GongLiangYu,SOUND
chū~chū,chu~chu,chu1~chu1,出出,出出,tsyhwit~tsyhwit,*t-kʰut~*t-kʰut,GongLiangYu,SOUND
chuā~chuā,xu~xu,chua1~chua1,欻欻,欻欻,NA,NA,GongLiangYu,SOUND
chuā~lā,xu~la,chua1~la1,欻拉,欻拉,NA~lop,NA~*[r]ˤəp,GongLiangYu,SOUND
cī,ci,ci1,刺,刺,tshjeH,*[tsʰ]ek-s,GongLiangYu,SOUND
cī~cī,ci~ci,ci1~ci1,刺刺,刺刺,tshjeH~tshjeH,*[tsʰ]ek-s~*[tsʰ]ek-s,GongLiangYu,SOUND
cī~lēng,ci~leng,ci1~leng1,刺棱,刺棱,tshjeH,*[tsʰ]ek-s,GongLiangYu,SOUND
cī~līu,ci~liu,ci1~liu1,刺溜,刺溜,tshjeH,*[tsʰ]ek-s,GongLiangYu,SOUND
cōng~cōng,cong~cong,cong1~cong1,鏦鏦,鏦鏦,NA,NA,GongLiangYu,SOUND
cóng~chēng,cong~cheng,cong2~cheng1,淙琤,淙琤,NA,NA,GongLiangYu,SOUND
cóng~chēng,cong~cheng,cong2~cheng1,琮琤,琮琤,NA,NA,GongLiangYu,SOUND
cóng~cóng,cong~cong,cong2~cong2,琮琮,琮琮,NA,NA,GongLiangYu,SOUND
cóng~cóng,cong~cong,cong2~cong2,漎漎,漎漎,NA,NA,GongLiangYu,SOUND
dā,ta,da1,嗒,嗒,NA,NA,GongLiangYu,SOUND
dā~dā,ta~ta,da1~da1,嗒嗒,嗒嗒,NA,NA,GongLiangYu,SOUND
dá~dá,da~da,da2~da2,答答,答答,top~top,*[t]ˤ[u]p~*[t]ˤ[u]p,GongLiangYu,SOUND
dā~dā,da~da,da1~da1,噠噠,哒哒,NA,NA,GongLiangYu,SOUND
dā~dī~dā~dī,da~di~da~di,da1~di1~da1~di1,達滴達滴,达滴达滴,dat~NA~dat,*[l]ˤat~NA~*[l]ˤat,GongLiangYu,SOUND
dāng,dang,dang1,當,当,tang,*tˤaŋ,GongLiangYu,SOUND
dāng,dang,dang1,鐺,铛,NA,NA,GongLiangYu,SOUND
dāng~dāng,dang~dang,dang1~dang1,當當,当当,tang~tang,*tˤaŋ~*tˤaŋ,GongLiangYu,SOUND
dāng~dāng,dang~dang,dang1~dang1,鐺鐺,铛铛,NA,NA,GongLiangYu,SOUND
dāng~dāng~dīng,dang~dang~ding,dang1~dang1~ding1,當當丁,当当丁,tang~tang~teng,*tˤaŋ~*tˤaŋ~*tˤeŋ,GongLiangYu,SOUND
dāng~dāng~dīng~dīng,dang~dang~ding~ding,dang1~dang1~ding1~ding1,當當丁丁,当当丁丁,tang~tang~teng~teng,*tˤaŋ~*tˤaŋ~*tˤeŋ~*tˤeŋ,GongLiangYu,SOUND
dāng~lāng,dang~lang,dang1~lang1,當啷,当啷,tang,*tˤaŋ,GongLiangYu,SOUND
dāng~lāng~lāng,dang~lang~lang,dang1~lang1~lang1,當啷啷,当啷啷,tang,*tˤaŋ,GongLiangYu,SOUND
dé~dé,de~de,de2~de2,得得,得得,tok~tok,*tˤək~*tˤək,GongLiangYu,SOUND
dēng,deng,deng1,登,登,tong,*k-tˤəŋ,GongLiangYu,SOUND
dēng~dēng,deng~deng,deng1~deng1,噔噔,噔噔,NA,NA,GongLiangYu,SOUND
dìng~dōng~zhā~huài,deng~dong~zha~huai,ding4~dong1~zha1~huai4,噔咚扎咶,噔咚扎咶,NA,NA,GongLiangYu,SOUND
dēng~léng~léng,deng~leng~leng,deng1~leng2~leng2,噔棱棱,噔棱棱,NA,NA,GongLiangYu,SOUND
dī~dá,di~da,di1~da2,滴答,滴答,NA~top,NA~*[t]ˤ[u]p,GongLiangYu,SOUND
dī~dá,di~da,di1~da2,滴達,滴达,NA~dat,NA~*[l]ˤat,GongLiangYu,SOUND
dí~dā,di~ta,di2~da1,嘀嗒,嘀嗒,NA,NA,GongLiangYu,SOUND
dí~dā~dí~dā,di~ta~di~ta,di2~da1~di2~da1,嘀嗒嘀嗒,嘀嗒嘀嗒,NA,NA,GongLiangYu,SOUND
dī~dī,di~di,di1~di1,樀樀,樀樀,NA,NA,GongLiangYu,SOUND
dī~dī,di~di,di1~di1,滴滴,滴滴,NA,NA,GongLiangYu,SOUND
dī~dī~dá~dá,di~di~da~da,di1~di1~da2~da2,滴滴答答,滴滴答答,NA~NA~top~top,NA~NA~*[t]ˤ[u]p~*[t]ˤ[u]p,GongLiangYu,SOUND
dī~dī~dā~dā,di~di~da~da,di1~di1~da1~da1,滴滴搭搭,滴滴搭搭,NA,NA,GongLiangYu,SOUND
dī~dī~dōng~dōng,di~di~dong~dong,di1~di1~dong1~dong1,嘀嘀冬冬,嘀嘀冬冬,NA~NA~towng~towng,NA~NA~*tˤuŋ~*tˤuŋ,GongLiangYu,SOUND
dī~dī~gū~gū,di~di~gu~gu,di1~di1~gu1~gu1,滴滴咕咕,滴滴咕咕,NA,NA,GongLiangYu,SOUND
dī~dī~xī~xī,di~di~xi~xi,di1~di1~xi1~xi1,滴滴淅淅,滴滴淅淅,NA,NA,GongLiangYu,SOUND
dī~lì,di~li,di1~li4,滴瀝,滴沥,NA,NA,GongLiangYu,SOUND
dī~lū~dū~lū,di~di~lu~lu,di1~lu1~du1~lu1,嘀嚕嘟嚕,嘀噜嘟噜,NA,NA,GongLiangYu,SOUND
dīng~dāng,ding~dang,ding1~dang1,叮噹,叮噹,NA,NA,GongLiangYu,SOUND
dīng~dāng,ding~dang,ding1~dang1,丁當,丁当,teng~tang,*tˤeŋ~*tˤaŋ,GongLiangYu,SOUND
dīng~dāng,ding~dang,ding1~dang1,叮當,叮当,NA~tang,NA~*tˤaŋ,GongLiangYu,SOUND
dīng~dāng,ding~dang,ding1~dang1,丁璫,丁璫,teng,*tˤeŋ,GongLiangYu,SOUND
dīng~dāng,ding~dang,ding1~dang1,玎璫,玎璫,NA,NA,GongLiangYu,SOUND
dīng~dīng~dāng,ding~ding~dang,ding1~ding1~dang1,叮叮當,叮叮当,NA~NA~tang,NA~NA~*tˤaŋ,GongLiangYu,SOUND
dīng~dīng~dāng~dāng,ding~ding~dang~dang,ding1~ding1~dang1~dang1,丁丁當當,丁丁当当,teng~teng~tang~tang,*tˤeŋ~*tˤeŋ~*tˤaŋ~*tˤaŋ,GongLiangYu,SOUND
dīng~dīng~dāng~dāng,ding~ding~dang~dang,ding1~ding1~dang1~dang1,叮叮噹噹,叮叮噹噹,NA,NA,GongLiangYu,SOUND
dīng~dīng~dāng~dāng,ding~ding~dang~dang,ding1~ding1~dang1~dang1,叮叮當當,叮叮当当,NA~NA~tang~tang,NA~NA~*tˤaŋ~*tˤaŋ,GongLiangYu,SOUND
dīng~dīng~dāng~dāng,ding~ding~dang~dang,ding1~ding1~dang1~dang1,玎玎璫璫,玎玎璫璫,NA,NA,GongLiangYu,SOUND
dīng~dīng~dāng~dāng,ding~ding~dang~dang,ding1~ding1~dang1~dang1,釘釘鐺鐺,钉钉铛铛,teng~teng,*tˤeŋ~*tˤeŋ,GongLiangYu,SOUND
dīng~dīng~dōng,ding~ding~dong,ding1~ding1~dong1,叮叮咚,叮叮咚,NA,NA,GongLiangYu,SOUND
dīng~dōng,ding~dong,ding1~dong1,丁冬,丁冬,teng~towng,*tˤeŋ~*tˤuŋ,GongLiangYu,SOUND
dīng~dǒng,ding~dong,ding1~dong3,丁董,丁董,teng,*tˤeŋ,GongLiangYu,SOUND
dīng~dīng~dǒng~dǒng,ding~ding~dong~dong,ding1~ding1~dong3~dong3,丁丁董董,丁丁董董,teng~teng,*tˤeŋ~*tˤeŋ,GongLiangYu,SOUND
dīng~dōng~dīng~dōng,ding~dong~ding~dong,ding1~dong1~ding1~dong1,丁冬丁冬,丁冬丁冬,teng~towng~teng~towng,*tˤeŋ~*tˤuŋ~*tˤeŋ~*tˤuŋ,GongLiangYu,SOUND
dīng~dōng~dīng~dōng,ding~dong~ding~dong,ding1~dong1~ding1~dong1,叮咚叮咚,叮咚叮咚,NA,NA,GongLiangYu,SOUND
dīng~líng,ding~ling,ding1~ling2,丁零,丁零,teng~leng,*tˤeŋ~*[r]ˤiŋ,GongLiangYu,SOUND
dīng~líng,ding~ling,ding1~ling2,丁玲,丁玲,teng,*tˤeŋ,GongLiangYu,SOUND
dīng~líng,ding~ling,ding1~ling2,玎玲,玎玲,NA,NA,GongLiangYu,SOUND
dīng~líng~dāng~lāng,ding~ling~dang~lang,ding1~ling2~dang1~lang1,丁零當啷,丁零当啷,teng~leng~tang,*tˤeŋ~*[r]ˤiŋ~*tˤaŋ,GongLiangYu,SOUND
dīng~líng~dīng~líng,ding~ling~ding~ling,ding1~ling2~ding1~ling2,丁零丁零,丁零丁零,teng~leng~teng~leng,*tˤeŋ~*[r]ˤiŋ~*tˤeŋ~*[r]ˤiŋ,GongLiangYu,SOUND
dīng~líng~líng,ding~ling~ling,ding1~ling2~ling2,叮鈴鈴,叮铃铃,NA,NA,GongLiangYu,SOUND
dōng,dong,dong1,東,东,tuwng,*tˤoŋ (< *tˤoŋʔ ?),GongLiangYu,SOUND
dōng,dong,dong1,冬,冬,towng,*tˤuŋ,GongLiangYu,SOUND
dōng,dong,dong1,咚,咚,NA,NA,GongLiangYu,SOUND
dōng~dīng,dong~ding,dong1~ding1,東丁,东丁,tuwng~teng,*tˤoŋ (< *tˤoŋʔ ?)~*tˤeŋ,GongLiangYu,SOUND
dōng~dōng,dong~dong,dong1~dong1,冬冬,冬冬,towng~towng,*tˤuŋ~*tˤuŋ,GongLiangYu,SOUND
dōng~dōng,dong~dong,dong1~dong1,咚咚,咚咚,NA,NA,GongLiangYu,SOUND
dōng~dōng~chá,dong~dong~cha,dong1~dong1~cha2,咚咚察,咚咚察,NA~NA~tsrheat,NA~NA~*[tsʰ]ˤret,GongLiangYu,SOUND
dōng~dōng~dāng~dāng,dong~dong~dang~dang,dong1~dong1~dang1~dang1,冬冬當當,冬冬当当,towng~towng~tang~tang,*tˤuŋ~*tˤuŋ~*tˤaŋ~*tˤaŋ,GongLiangYu,SOUND
dū,du,du1,嘟,嘟,NA,NA,GongLiangYu,SOUND
dū~dū,du~du,du1~du1,嘟嘟,嘟嘟,NA,NA,GongLiangYu,SOUND
dū~dū~nāng~nāng,du~du~nang~nang,du1~du1~nang1~nang1,嘟嘟囔囔,嘟嘟囔囔,NA,NA,GongLiangYu,SOUND
dū~dū~nóng~nóng,du~du~nong~nong,du1~du1~nong2~nong2,嘟嘟噥噥,嘟嘟哝哝,NA,NA,GongLiangYu,SOUND
dū~nóng,du~nong,du1~nong2,嘟噥,嘟哝,NA,NA,GongLiangYu,SOUND
dū~lū,du~lu,du1~lu1,嘟嚕,嘟噜,NA,NA,GongLiangYu,SOUND
dǔ~sù,du~su,du3~su4,篤速,笃速,towk~suwk,*tˤuk~*[s]ˤok,GongLiangYu,SOUND
duō,duo,duo1,咄,咄,twot,*[t]ˤut,GongLiangYu,SOUND
duō~duō,duo~duo,duo1~duo1,咄咄,咄咄,twot~twot,*[t]ˤut~*[t]ˤut,GongLiangYu,SOUND
ē~ē,a~a,e1~e1,阿阿,阿阿,'a~'a,*qˤa[j]~*qˤa[j],GongLiangYu,SOUND
è,e,e4,呃,呃,NA,NA,GongLiangYu,SOUND
è~è,ya,e4~e4,啞,哑,'aeX,*ʔˤraʔ,GongLiangYu,SOUND
è~è,ya~ya,e4~e4,啞啞,哑哑,'aeX~'aeX,*ʔˤraʔ~*ʔˤraʔ,GongLiangYu,SOUND
è~è,e~e,e4~e4,呃呃,呃呃,NA,NA,GongLiangYu,SOUND
è~wò,e~o,e4~wo4,呃喔,呃喔,NA,NA,GongLiangYu,SOUND
fèi,fei,fei4,沸,沸,pj+jH,*Nə.p[u][t]-s,GongLiangYu,SOUND
fèi~fèi,fei~fei,fei4~fei4,沸沸,沸沸,pj+jH~pj+jH,*Nə.p[u][t]-s~*Nə.p[u][t]-s,GongLiangYu,SOUND
fú~fú~chī~chī,fu~fu~chi~chi,fu2~fu2~chi1~chi1,咈咈哧哧,咈咈哧哧,bjut~bjut,*[m-p][u]t~*[m-p][u]t,GongLiangYu,SOUND
gā,ga,ga1,嘎,嘎,NA,NA,GongLiangYu,SOUND
gā~bā,ga~ba,ga1~ba1,嘎巴,嘎巴,NA~pae,NA~*pˤra,GongLiangYu,SOUND
gā~bā,ga~ba,ga1~ba1,嘎叭,嘎叭,NA,NA,GongLiangYu,SOUND
gā~chá,ge~cha,ga1~cha2,胳查,胳查,kak,*[C.q]ˤak,GongLiangYu,SOUND
gā~chá,ge~cha,ga1~cha2,胳察,胳察,kak~tsrheat,*[C.q]ˤak~*[tsʰ]ˤret,GongLiangYu,SOUND
gā~chá~chá,ge~cha~cha,ga1~cha2~cha2,胳查查,胳查查,kak,*[C.q]ˤak,GongLiangYu,SOUND
gā~gā,ga~ga,ga1~ga1,嘎嘎,嘎嘎,NA,NA,GongLiangYu,SOUND
gā~lāng~gā~lāng,ga~lang~ga~lang,ga1~lang1~ga1~lang1,嘎啷嘎啷,嘎啷嘎啷,NA,NA,GongLiangYu,SOUND
gā~zhī,ga~zhi,ga1~zhi1,嘎吱,嘎吱,NA,NA,GongLiangYu,SOUND
gā~zhī~gā~zhī,ga~zhi~ga~zhi,ga1~zhi1~ga1~zhi1,嘎吱嘎吱,嘎吱嘎吱,NA,NA,GongLiangYu,SOUND
gé~lǎ,ge~la,ge2~la3,噶喇,噶喇,NA,NA,GongLiangYu,SOUND
gé~zhī~zhī,ge~zhi~zhi,ge2~zhi1~zhi1,噶吱吱,噶吱吱,NA,NA,GongLiangYu,SOUND
gē~bēng,ge~beng,ge1~beng1,咯嘣,咯嘣,NA,NA,GongLiangYu,SOUND
gē~chā,ge~zha,ge1~cha1,咯喳,咯喳,NA,NA,GongLiangYu,SOUND
gē~chǎ~chǎ,ge~cha~cha,ge1~cha3~cha3,疙蹅蹅,疙蹅蹅,NA,NA,GongLiangYu,SOUND
gē~dāng~gē~dāng,ge~dang~ge~dang,ge1~dang1~ge1~dang1,咯當咯當,咯当咯当,NA~tang~NA~tang,NA~*tˤaŋ~NA~*tˤaŋ,GongLiangYu,SOUND
gē~dēng,ge~deng,ge1~deng1,咯噔,咯噔,NA,NA,GongLiangYu,SOUND
gé~dēng,ge~deng,ge2~deng1,格噔,格噔,kaek,*kˤrak,GongLiangYu,SOUND
gé~dēng~gé~dēng,ge~deng~ge~deng,ge2~deng1~ge2~deng1,格噔格噔,格噔格噔,kaek~NA~kaek,*kˤrak~NA~*kˤrak,GongLiangYu,SOUND
gē~gē,ge~ge,ge1~ge1,咯咯,咯咯,NA,NA,GongLiangYu,SOUND
gé~gé,ge~ge,ge2~ge2,格格,格格,kaek~kaek,*kˤrak~*kˤrak,GongLiangYu,SOUND
gē~gē~luó~luó,ge~ge~luo~luo,ge1~ge1~luo2~luo2,咯咯羅羅,咯咯罗罗,NA~NA~la~la,NA~NA~*rˤaj~*rˤaj,GongLiangYu,SOUND
gē~lā~lā,ge~la~la,ge1~la1~la1,咯辣辣,咯辣辣,NA~lat~lat,NA~*mə.rˤat (~ C.rˤat ?)~*mə.rˤat (~ C.rˤat ?),GongLiangYu,SOUND
gé~zhé,ge~zhe,ge2~zhe2,格磔,格磔,kaek,*kˤrak,GongLiangYu,SOUND
gē~zhī,ge~zhi,ge1~zhi1,咯吱,咯吱,NA,NA,GongLiangYu,SOUND
gē~zhī~gē~zhī,ge~zhi~ge~zhi,ge1~zhi1~ge1~zhi1,咯吱咯吱,咯吱咯吱,NA,NA,GongLiangYu,SOUND
gē~zhī~zhī,ge~zhi~zhi,ge1~zhi1~zhi1,咯吱吱,咯吱吱,NA,NA,GongLiangYu,SOUND
gé~gé~bó~bó,ge~ge~bo~bo,ge2~ge2~bo2~bo2,膈膈膊膊,膈膈膊膊,NA~NA~phak~phak,NA~NA~*pʰˤak~*pʰˤak,GongLiangYu,SOUND
gè~lā~lā,ge~la~la,ge4~la1~la1,各剌剌,各剌剌,kak~lat~lat,*kˤak~*mə.rˤat (~ C.rˤat ?)~*mə.rˤat (~ C.rˤat ?),GongLiangYu,SOUND
gè~lā~lā,he~la~la,ge4~la1~la1,合剌剌,合剌剌,kop~lat~lat,*kˤop~*mə.rˤat (~ C.rˤat ?)~*mə.rˤat (~ C.rˤat ?),GongLiangYu,SOUND
gè~lā~lā,yi~la~la,ge4~la1~la1,屹剌剌,屹剌剌,NA~lat~lat,NA~*mə.rˤat (~ C.rˤat ?)~*mə.rˤat (~ C.rˤat ?),GongLiangYu,SOUND
gè~lā~lā,gu~la~la,ge4~la1~la1,扢剌剌,扢剌剌,NA~lat~lat,NA~*mə.rˤat (~ C.rˤat ?)~*mə.rˤat (~ C.rˤat ?),GongLiangYu,SOUND
gè~láng~láng,ge~lang~lang,ge4~lang2~lang2,各琅琅,各琅琅,kak~lang~lang,*kˤak~*[r]ˤaŋ~*[r]ˤaŋ,GongLiangYu,SOUND
gè~zhī~gè~zhī,luo~zhi~luo~zhi,ge4~zhi1~ge4~zhi1,硌吱硌吱,硌吱硌吱,NA,NA,GongLiangYu,SOUND
gè~zhī~zhī,ge~zhi~zhi,ge4~zhi1~zhi1,各支支,各支支,kak~tsye~tsye,*kˤak~*ke~*ke,GongLiangYu,SOUND
gè~zhī~zhī,ge~zhi~zhi,ge4~zhi1~zhi1,革支支,革支支,keak~tsye~tsye,*kˤrək~*ke~*ke,GongLiangYu,SOUND
gè~zhī~zhī,ge~zhi~zhi,ge4~zhi1~zhi1,格支支,格支支,kaek~tsye~tsye,*kˤrak~*ke~*ke,GongLiangYu,SOUND
gén~gén~gā,hen~hen~ga,gen2~gen2~ga1,哏哏嘎,哏哏嘎,NA,NA,GongLiangYu,SOUND
gěng~gěng~yè~yè,geng~geng~yan~yan,geng3~geng3~ye4~ye4,哽哽咽咽,哽哽咽咽,NA~NA~'en~'en,NA~NA~*ʔˤi[n]~*ʔˤi[n],GongLiangYu,SOUND
gōu~gōu~lóu,gou~gou~lou,gou1~gou1~lou2,勾勾嘍,勾勾喽,NA,NA,GongLiangYu,SOUND
gōu~jiāo,gou~xiao,gou1~jiao1,鈎胶,鈎胶,NA,NA,GongLiangYu,SOUND
gū~gū~chī~chī,gu~gu~chi~chi,gu1~gu1~chi1~chi1,咕咕吃吃,咕咕吃吃,NA,NA,GongLiangYu,SOUND
gū~dōng,gu~dong,gu1~dong1,咕咚,咕咚,NA,NA,GongLiangYu,SOUND
gū~dōng~gū~dōng,gu~dong~gu~dong,gu1~dong1~gu1~dong1,咕咚咕咚,咕咚咕咚,NA,NA,GongLiangYu,SOUND
gū~dū,gu~du,gu1~du1,咕嘟,咕嘟,NA,NA,GongLiangYu,SOUND
gū~dū~dū,gu~du~du,gu1~du1~du1,咕嘟嘟,咕嘟嘟,NA,NA,GongLiangYu,SOUND
gū~dū~gū~dū,gu~du~gu~du,gu1~du1~gu1~du1,咕嘟咕嘟,咕嘟咕嘟,NA,NA,GongLiangYu,SOUND
gū~gū,gu~gu,gu1~gu1,咕咕,咕咕,NA,NA,GongLiangYu,SOUND
gū~gū,gu~gu,gu1~gu1,呱呱,呱呱,ku~ku,*kʷˤa~*kʷˤa,GongLiangYu,SOUND
gū~gū~jī~jī,gu~gu~ji~ji,gu1~gu1~ji1~ji1,咕咕唧唧,咕咕唧唧,NA,NA,GongLiangYu,SOUND
gū~gū~nóng~nóng,gu~gu~nong~nong,gu1~gu1~nong2~nong2,咕咕噥噥,咕咕哝哝,NA,NA,GongLiangYu,SOUND
gū~jī,gu~ji,gu1~ji1,咕唧,咕唧,NA,NA,GongLiangYu,SOUND
gū~jī,gu~ji,gu1~ji1,咕嘰,咕叽,NA,NA,GongLiangYu,SOUND
gū~jī~gū~jī,gu~ji~gu~ji,gu1~ji1~gu1~ji1,咕唧咕唧,咕唧咕唧,NA,NA,GongLiangYu,SOUND
gū~jī~gū~jī,gu~ji~gu~ji,gu1~ji1~gu1~ji1,咕嘰咕嘰,咕叽咕叽,NA,NA,GongLiangYu,SOUND
gū~lóng,gu~long,gu1~long2,咕隆,咕隆,NA~ljuwng,NA~*[r]uŋ,GongLiangYu,SOUND
gū~lóng~lóng,gu~long~long,gu1~long2~long2,咕隆隆,咕隆隆,NA~ljuwng~ljuwng,NA~*[r]uŋ~*[r]uŋ,GongLiangYu,SOUND
gū~lou~gū~lou,gu~lou~gu~lou,gu1~lou5~gu1~lou5,咕嘍咕嘍,咕喽咕喽,NA,NA,GongLiangYu,SOUND
gū~lū,gu~lu,gu1~lu1,咕嚕,咕噜,NA,NA,GongLiangYu,SOUND
gǔ~lù,gu~lu,gu3~lu4,骨碌,骨碌,kwot,*kˤut,GongLiangYu,SOUND
gū~lū~gū~lū,gu~lu~gu~lu,gu1~lu1~gu1~lu1,咕嚕咕嚕,咕噜咕噜,NA,NA,GongLiangYu,SOUND
gū~lū~lū,gu~lu~lu,gu1~lu1~lu1,咕嚕嚕,咕噜噜,NA,NA,GongLiangYu,SOUND
gū~lū~lū,gu~lu~lu,gu1~lu1~lu1,骨碌碌,骨碌碌,kwot,*kˤut,GongLiangYu,SOUND
gū~lū~lū~lū,gu~lu~lu~lu,gu1~lu1~lu1~lu1,咕嚕嚕嚕,咕噜噜噜,NA,NA,GongLiangYu,SOUND
gū~nóng,gu~nong,gu1~nong2,咕噥,咕哝,NA,NA,GongLiangYu,SOUND
gǔ~dū~dū,gu~du~du,gu3~du1~du1,古都都,古都都,kuX~tu~tu,*kˤaʔ~*tˤa~*tˤa,GongLiangYu,SOUND
gǔ~dū~dū,gu~du~du,gu3~du1~du1,骨都都,骨都都,kwot~tu~tu,*kˤut~*tˤa~*tˤa,GongLiangYu,SOUND
gǔ~gǔ,gu~gu,gu3~gu3,汩汩,汩汩,kwot~kwot,*[kʷ]ˤ[ə]t~*[kʷ]ˤ[ə]t,GongLiangYu,SOUND
gǔ~gǔ,gu~mei,gu3~gu3,汩沒,汩没,kwot~kwot,*[kʷ]ˤ[ə]t~*[kʷ]ˤ[ə]t,GongLiangYu,SOUND
gǔ~gǔ,jiao~jiao,gu3~gu3,角角,角角,kaewk~kaewk,*C.[k]ˤrok~*C.[k]ˤrok,GongLiangYu,SOUND
gǔ~gǔ,gu~gu,gu3~gu3,穀穀,穀穀,kuwk~kuwk,*[k]ˤok~*[k]ˤok,GongLiangYu,SOUND
gǔ~guō,gu~huo,gu3~guo1,汩活,汩活,kwot~hwat,*[kʷ]ˤ[ə]t~*[g]ʷˤat,GongLiangYu,SOUND
gǔ~lā~lā,gu~la~la,gu3~la1~la1,古剌剌,古剌剌,kuX~lat~lat,*kˤaʔ~*mə.rˤat (~ C.rˤat ?)~*mə.rˤat (~ C.rˤat ?),GongLiangYu,SOUND
gǔ~lā~lā,gu~lu~lu,gu3~la1~la1,古鹿鹿,古鹿鹿,kuX~luwk~luwk,*kˤaʔ~*mə-rˤok~*mə-rˤok,GongLiangYu,SOUND
gǔ~lā~lā,gu~lu~lu,gu3~la1~la1,骨轆轆,骨辘辘,kwot,*kˤut,GongLiangYu,SOUND
gǔ~lā~lā,gu~la~la,gu3~la1~la1,骨剌剌,骨剌剌,kwot~lat~lat,*kˤut~*mə.rˤat (~ C.rˤat ?)~*mə.rˤat (~ C.rˤat ?),GongLiangYu,SOUND
gǔ~lū~lū,gu~lu~lu,gu3~lu1~lu1,古魯魯,古鲁鲁,kuX~luX~luX,*kˤaʔ~*[r]ˤaʔ~*[r]ˤaʔ,GongLiangYu,SOUND
gǔ~lū~lū,tu~lu~lu,gu3~lu1~lu1,土魯魯,土鲁鲁,thuX~luX~luX,*tʰˤaʔ~*[r]ˤaʔ~*[r]ˤaʔ,GongLiangYu,SOUND
guā,gu,gua1,呱,呱,ku,*kʷˤa,GongLiangYu,SOUND
guā~dā,gu~ta,gua1~da1,呱嗒,呱嗒,ku,*kʷˤa,GongLiangYu,SOUND
guā~dā,gu~da,gua1~da1,呱噠,呱哒,ku,*kʷˤa,GongLiangYu,SOUND
guā~dā~guā~dā,gu~ta~gu~ta,gua1~da1~gua1~da1,呱嗒呱嗒,呱嗒呱嗒,ku~NA~ku,*kʷˤa~NA~*kʷˤa,GongLiangYu,SOUND
guā~dā~guā~dā,gu~da~gu~da,gua1~da1~gua1~da1,呱噠呱噠,呱哒呱哒,ku~NA~ku,*kʷˤa~NA~*kʷˤa,GongLiangYu,SOUND
guā~guā,gu~gu,gua1~gua1,呱呱,呱呱,ku~ku,*kʷˤa~*kʷˤa,GongLiangYu,SOUND
guā~guā~zā~zā,gua~gua~za~za,gua1~gua1~za1~za1,刮刮匝匝,刮刮匝匝,kwaet~kwaet,*[kʷˤ]r[a]t~*[kʷˤ]r[a]t,GongLiangYu,SOUND
guā~guā~zā~zā,gua~gua~za~za,gua1~gua1~za1~za1,刮刮咂咂,刮刮咂咂,kwaet~kwaet,*[kʷˤ]r[a]t~*[kʷˤ]r[a]t,GongLiangYu,SOUND
guā~guā~zá~zá,gua~gua~za~za,gua1~gua1~za2~za2,刮刮雜雜,刮刮杂杂,kwaet~kwaet~dzop~dzop,*[kʷˤ]r[a]t~*[kʷˤ]r[a]t~*[dz]ˤ[u]p~*[dz]ˤ[u]p,GongLiangYu,SOUND
guā~jī,gu~ji,gua1~ji1,呱唧,呱唧,ku,*kʷˤa,GongLiangYu,SOUND
guā~jī~guā~jī,gu~ji~gu~ji,gua1~ji1~gua1~ji1,呱唧呱唧,呱唧呱唧,ku~NA~ku,*kʷˤa~NA~*kʷˤa,GongLiangYu,SOUND
guā~lǎ~lǎ,gua~la~la,gua1~la3~la3,刮喇喇,刮喇喇,kwaet,*[kʷˤ]r[a]t,GongLiangYu,SOUND
guā~lǎ~lǎ,bo~la~la,gua1~la3~la3,勃喇喇,勃喇喇,bwot,*[b]ˤut,GongLiangYu,SOUND
guāng,guang,guang1,咣,咣,NA,NA,GongLiangYu,SOUND
guāng~dāng,guang~dang,guang1~dang1,咣當,咣当,NA~tang,NA~*tˤaŋ,GongLiangYu,SOUND
guāng~dāng,guang~dang,guang1~dang1,咣噹,咣噹,NA,NA,GongLiangYu,SOUND
guō~dū~dū,guo~du~du,guo1~du1~du1,嘓嘟嘟,嘓嘟嘟,NA,NA,GongLiangYu,SOUND
guō~dū~dū~dū,guo~du~du~du,guo1~du1~du1~du1,嘓嘟嘟嘟,嘓嘟嘟嘟,NA,NA,GongLiangYu,SOUND
guō~guō,guo~guo,guo1~guo1,嘓嘓,嘓嘓,NA,NA,GongLiangYu,SOUND
guō~zhuó,guo~zhuo,guo1~zhuo2,嘓啅,嘓啅,NA,NA,GongLiangYu,SOUND
hā,ha,ha1,哈,哈,NA,NA,GongLiangYu,SOUND
hā~hā,ha~ha,ha1~ha1,哈哈,哈哈,NA,NA,GongLiangYu,SOUND
hāi,hai,hai1,嗨,嗨,NA,NA,GongLiangYu,SOUND
hān~hān,han~han,han1~han1,唅唅,唅唅,hom~hom,*Cə-m-kˤ[ə]m~*Cə-m-kˤ[ə]m,GongLiangYu,SOUND
háng~yō,hang~yo,hang2~yo1,杭唷,杭唷,hang,*[m]-[g]ˤaŋ,GongLiangYu,SOUND
háng~yō,hang~yu,hang2~yo1,杭育,杭育,hang~yuwk,*[m]-[g]ˤaŋ~*m-quk,GongLiangYu,SOUND
háng~yō~háng~yō,hang~yu~hang~yu,hang2~yo1~hang2~yo1,杭育杭育,杭育杭育,hang~yuwk~hang~yuwk,*[m]-[g]ˤaŋ~*m-quk~*[m]-[g]ˤaŋ~*m-quk,GongLiangYu,SOUND
háo,hao,hao2,號,号,haw,*[C.g]ˤaw,GongLiangYu,SOUND
hào~hào,hao~hao,hao4~hao4,浩浩,浩浩,hawX~hawX,*[g]ˤuʔ~*[g]ˤuʔ,GongLiangYu,SOUND
hē~hē,he~he,he1~he1,呵呵,呵呵,xa~xa,*qʰˤaj~*qʰˤaj,GongLiangYu,SOUND
hé~luó,he~luo,he2~luo2,和羅,和罗,hwa~la,*[ɢ]ˤoj~*rˤaj,GongLiangYu,SOUND
hè~hè,he~he,he4~he4,荷荷,荷荷,ha~ha,*[g]ˤaj~*[g]ˤaj,GongLiangYu,SOUND
hēi~hēi,hei~hei,hei1~hei1,嘿嘿,嘿嘿,NA,NA,GongLiangYu,SOUND
hēi~lóu~lóu,hei~lou~lou,hei1~lou2~lou2,黑嘍嘍,黑喽喽,xok,*m̥ˤək (dialect *m̥ˤ- > xˤ-),GongLiangYu,SOUND
hēi~lóu~lóu,hei~lou~lou,hei1~lou2~lou2,黑婁婁,黑娄娄,xok~lju~lju,*m̥ˤək (dialect *m̥ˤ- > xˤ-)~*[r]o~*[r]o,GongLiangYu,SOUND
hēng,heng,heng1,哼,哼,NA,NA,GongLiangYu,SOUND
hēng~chī,heng~chi,heng1~chi1,哼哧,哼哧,NA,NA,GongLiangYu,SOUND
hēng~chī~hēng~chī,heng~chi~heng~chi,heng1~chi1~heng1~chi1,哼哧哼哧,哼哧哼哧,NA,NA,GongLiangYu,SOUND
hēng~hēng,heng~heng,heng1~heng1,哼哼,哼哼,NA,NA,GongLiangYu,SOUND
hēng~hēng~jī~jī,heng~heng~ji~ji,heng1~heng1~ji1~ji1,哼哼唧唧,哼哼唧唧,NA,NA,GongLiangYu,SOUND
hōng,hong,hong1,哄,哄,NA,NA,GongLiangYu,SOUND
hōng,hong,hong1,轟,轰,NA,NA,GongLiangYu,SOUND
hōng,hong,hong1,訇,訇,NA,NA,GongLiangYu,SOUND
hōng,hong,hong1,輷,輷,NA,NA,GongLiangYu,SOUND
hōng,hong,hong1,鍧,鍧,NA,NA,GongLiangYu,SOUND
hōng~hōng,hong~hong,hong1~hong1,烘烘,烘烘,NA,NA,GongLiangYu,SOUND
hōng~hōng,hong~hong,hong1~hong1,哄哄,哄哄,NA,NA,GongLiangYu,SOUND
hōng~hōng,hong~hong,hong1~hong1,轟轟,轰轰,NA,NA,GongLiangYu,SOUND
hōng~hōng,hong~hong,hong1~hong1,訇訇,訇訇,NA,NA,GongLiangYu,SOUND
hōng~hōng,hong~hong,hong1~hong1,輷輷,輷輷,NA,NA,GongLiangYu,SOUND
hōng~hōng~lóng~lóng,hong~hong~long~long,hong1~hong1~long2~long2,轟轟龍隆,轰轰龙隆,NA~NA~ljowng~ljuwng,NA~NA~*[mə]-roŋ~*[r]uŋ,GongLiangYu,SOUND
hōng~hūi,hong~hui,hong1~hui1,轟豗,轰豗,NA,NA,GongLiangYu,SOUND
hōng~kē,hong~ke,hong1~ke1,訇磕,訇磕,NA,NA,GongLiangYu,SOUND
hōng~léng,hong~leng,hong1~leng2,訇稜,訇稜,NA,NA,GongLiangYu,SOUND
hōng~léng,hong~leng,hong1~leng2,輷稜,輷稜,NA,NA,GongLiangYu,SOUND
hōng~lōng~hōng~lōng,hong~long~hong~long,hong1~long1~hong1~long1,轟隆轟隆,轰隆轰隆,NA~ljuwng~NA~ljuwng,NA~*[r]uŋ~NA~*[r]uŋ,GongLiangYu,SOUND
hōng~lóng~lóng,hong~long~long,hong1~long2~long2,轟隆隆,轰隆隆,NA~ljuwng~ljuwng,NA~*[r]uŋ~*[r]uŋ,GongLiangYu,SOUND
hōng~yǐng,hong~yin,hong1~ying3,訇隠,訇隠,NA,NA,GongLiangYu,SOUND
hōng~yǐng,hong~yin,hong1~ying3,轟隠,轰隠,NA,NA,GongLiangYu,SOUND
hóng~hóng,hong~hong,hong2~hong2,浤浤,浤浤,NA,NA,GongLiangYu,SOUND
hōu,hou,hou1,齁,齁,NA,NA,GongLiangYu,SOUND
hōu~hōu,hou~hou,hou1~hou1,齁齁,齁齁,NA,NA,GongLiangYu,SOUND
hōu~hōu,gou~gou,hou1~hou1,鈎鈎,鈎鈎,NA,NA,GongLiangYu,SOUND
hōu~lóu~lóu,hou~lou~lou,hou1~lou2~lou2,齁嘍嘍,齁喽喽,NA,NA,GongLiangYu,SOUND
hōu~lóu~lóu,he~lou~lou,hou1~lou2~lou2,喝嘍嘍,喝喽喽,NA,NA,GongLiangYu,SOUND
hū,hu,hu1,呼,呼,xu,*qʰˤa,GongLiangYu,SOUND
hū,hu,hu1,唿,唿,NA,NA,GongLiangYu,SOUND
hū~chī,hu~chi,hu1~chi1,呼哧,呼哧,xu,*qʰˤa,GongLiangYu,SOUND
hū~chì,hu~chi,hu1~chi4,呼叱,呼叱,xu,*qʰˤa,GongLiangYu,SOUND
hū~chī,hu~chi,hu1~chi1,呼蚩,呼蚩,xu,*qʰˤa,GongLiangYu,SOUND
hū~chī~hū~chī,hu~chi~hu~chi,hu1~chi1~hu1~chi1,呼哧呼哧,呼哧呼哧,xu~NA~xu,*qʰˤa~NA~*qʰˤa,GongLiangYu,SOUND
hū~chī~hū~chī,hu~chi~hu~chi,hu1~chi1~hu1~chi1,呼嗤呼嗤,呼嗤呼嗤,xu~NA~xu,*qʰˤa~NA~*qʰˤa,GongLiangYu,SOUND
hū~dā~dā,hu~da~da,hu1~da1~da1,呼噠噠,呼哒哒,xu,*qʰˤa,GongLiangYu,SOUND
hū~hū,hu~hu,hu1~hu1,呼呼,呼呼,xu~xu,*qʰˤa~*qʰˤa,GongLiangYu,SOUND
hū~hū~lū~lū,hu~hu~lu~lu,hu1~hu1~lu1~lu1,忽忽嚕嚕,忽忽噜噜,xwot~xwot,*m̥ˤut~*m̥ˤut,GongLiangYu,SOUND
hū~hū~xī~xī,hu~hu~xi~xi,hu1~hu1~xi1~xi1,呼呼淅淅,呼呼淅淅,xu~xu,*qʰˤa~*qʰˤa,GongLiangYu,SOUND
hū~lā,hu~la,hu1~la1,呼啦,呼啦,xu,*qʰˤa,GongLiangYu,SOUND
hū~lā,hu~la,hu1~la1,呼喇,呼喇,xu,*qʰˤa,GongLiangYu,SOUND
hū~lā~hū~lā,hu~la~hu~la,hu1~la1~hu1~la1,呼啦呼啦,呼啦呼啦,xu~NA~xu,*qʰˤa~NA~*qʰˤa,GongLiangYu,SOUND
hū~lā~lā,hu~la~la,hu1~la1~la1,呼啦啦,呼啦啦,xu,*qʰˤa,GongLiangYu,SOUND
hū~lā~lā,hu~la~la,hu1~la1~la1,呼喇喇,呼喇喇,xu,*qʰˤa,GongLiangYu,SOUND
hū~lā~lā,hu~la~la,hu1~la1~la1,忽剌剌,忽剌剌,xwot~lat~lat,*m̥ˤut~*mə.rˤat (~ C.rˤat ?)~*mə.rˤat (~ C.rˤat ?),GongLiangYu,SOUND
hū~lā~lā,hu~la~la,hu1~la1~la1,忽喇喇,忽喇喇,xwot,*m̥ˤut,GongLiangYu,SOUND
hū~lā~lā,hu~la~la,hu1~la1~la1,唿喇喇,唿喇喇,NA,NA,GongLiangYu,SOUND
hū~lī~hū~lū,hu~li~hu~lu,hu1~li1~hu1~lu1,呼哩呼嚕,呼哩呼噜,xu~NA~xu,*qʰˤa~NA~*qʰˤa,GongLiangYu,SOUND
hū~lóng,hu~long,hu1~long2,忽隆,忽隆,xwot~ljuwng,*m̥ˤut~*[r]uŋ,GongLiangYu,SOUND
hū~lóng~hū~lóng,hu~long~hu~long,hu1~long2~hu1~long2,呼隆呼隆,呼隆呼隆,xu~ljuwng~xu~ljuwng,*qʰˤa~*[r]uŋ~*qʰˤa~*[r]uŋ,GongLiangYu,SOUND
hū~lū,hu~lu,hu1~lu1,呼嚕,呼噜,xu,*qʰˤa,GongLiangYu,SOUND
hū~lū~lū,hu~lu~lu,hu1~lu1~lu1,呼嚕嚕,呼噜噜,xu,*qʰˤa,GongLiangYu,SOUND
hū~lǔ~lǔ,hu~lu~lu,hu1~lu3~lu3,忽魯魯,忽鲁鲁,xwot~luX~luX,*m̥ˤut~*[r]ˤaʔ~*[r]ˤaʔ,GongLiangYu,SOUND
hū~lū~lū,hu~lu~lu,hu1~lu1~lu1,唿嚕嚕,唿噜噜,NA,NA,GongLiangYu,SOUND
huā,hua,hua1,嘩,哗,NA,NA,GongLiangYu,SOUND
huā,huo,hua1,砉,砉,NA,NA,GongLiangYu,SOUND
huā~huā,hua~hua,hua1~hua1,嘩嘩,哗哗,NA,NA,GongLiangYu,SOUND
huā~huā~lā~lā,hua~hua~la~la,hua1~hua1~la1~la1,嘩嘩拉拉,哗哗拉拉,NA~NA~lop~lop,NA~NA~*[r]ˤəp~*[r]ˤəp,GongLiangYu,SOUND
huā~huā~lā~lā,hua~hua~la~la,hua1~hua1~la1~la1,嘩嘩啦啦,哗哗啦啦,NA,NA,GongLiangYu,SOUND
huā~lā,hua~la,hua1~la1,嘩啦,哗啦,NA,NA,GongLiangYu,SOUND
huā~lā,hua~la,hua1~la1,嘩喇,哗喇,NA,NA,GongLiangYu,SOUND
huā~lā~huā~lā,hua~la~hua~la,hua1~la1~hua1~la1,嘩啦嘩啦,哗啦哗啦,NA,NA,GongLiangYu,SOUND
huā~lā~huā~lā,hua~la~hua~la,hua1~la1~hua1~la1,花拉花拉,花拉花拉,xwae~lop~xwae~lop,*qʷʰˤra~*[r]ˤəp~*qʷʰˤra~*[r]ˤəp,GongLiangYu,SOUND
huā~lā~huā~lā,hua~la~hua~la,hua1~la1~hua1~la1,嘩喇嘩喇,哗喇哗喇,NA,NA,GongLiangYu,SOUND
huā~lā~lā,hua~la~la,hua1~la1~la1,嘩喇喇,哗喇喇,NA,NA,GongLiangYu,SOUND
huā~lā~lā,hua~la~la,hua1~la1~la1,嘩啦啦,哗啦啦,NA,NA,GongLiangYu,SOUND
huā~lā~lā~lā,hua~la~la~la,hua1~la1~la1~la1,嘩啦啦啦,哗啦啦啦,NA,NA,GongLiangYu,SOUND
huā~lāng,hua~lang,hua1~lang1,嘩啷,哗啷,NA,NA,GongLiangYu,SOUND
huā~lāng~lāng,hua~lang~lang,hua1~lang1~lang1,嘩啷啷,哗啷啷,NA,NA,GongLiangYu,SOUND
huā~lāng~huā~lāng,hua~lang~hua~lang,hua1~lang1~hua1~lang1,嘩啷嘩啷,哗啷哗啷,NA,NA,GongLiangYu,SOUND
huā~lī~huā~lāng,hua~li~hua~lang,hua1~li1~hua1~lang1,嘩哩嘩啷,哗哩哗啷,NA,NA,GongLiangYu,SOUND
huā~lī~guāng~lāng,hua~li~guang~lang,hua1~li1~guang1~lang1,嘩哩咣啷,哗哩咣啷,NA,NA,GongLiangYu,SOUND
huáng~huáng,huang~huang,huang2~huang2,鍠鍠,鍠鍠,NA,NA,GongLiangYu,SOUND
huáng~huáng,huang~huang,huang2~huang2,喤喤,喤喤,NA,NA,GongLiangYu,SOUND
huáng~xiā,huang~xia,huang2~xia1,喤呷,喤呷,NA,NA,GongLiangYu,SOUND
hūi~hūi,hui~hui,hui1~hui1,咴咴,咴咴,NA,NA,GongLiangYu,SOUND
hùi~hùi,hui~hui,hui4~hui4,嘒嘒,嘒嘒,xwejH~xwejH,*qʷʰˤi[t]-s~*qʷʰˤi[t]-s,GongLiangYu,SOUND
huò~huò,huo~huo,huo4~huo4,騞砉,騞砉,NA,NA,GongLiangYu,SOUND
huò,huo,huo4,霍,霍,NA,NA,GongLiangYu,SOUND
huò,huo,huo4,嚯,嚯,NA,NA,GongLiangYu,SOUND
huò~huò,huo~huo,huo4~huo4,霍霍,霍霍,NA,NA,GongLiangYu,SOUND
huò~huò,huo~huo,huo4~huo4,嚄嚄,嚄嚄,NA,NA,GongLiangYu,SOUND
huò~zé,huo~jie,huo4~ze2,嚄唶,嚄唶,NA,NA,GongLiangYu,SOUND
jī,ji,ji1,嘰,叽,NA,NA,GongLiangYu,SOUND
jī~dīng,ji~ding,ji1~ding1,咭叮,咭叮,NA,NA,GongLiangYu,SOUND
jī~dīng,ji~ding,ji1~ding1,吉丁,吉丁,kjit~teng,"*C.qi[t] (*C.q- > *k-, escaping palatalization)~*tˤeŋ",GongLiangYu,SOUND
jī~gā,ji~ga,ji1~ga1,咭嘎,咭嘎,NA,NA,GongLiangYu,SOUND
jī~gā~jī~gā,ji~ga~ji~ga,ji1~ga1~ji1~ga1,咭嘎咭嘎,咭嘎咭嘎,NA,NA,GongLiangYu,SOUND
jī~gē,ji~ge,ji1~ge1,咭格,咭格,NA~kaek,NA~*kˤrak,GongLiangYu,SOUND
jī~gū~jī~gū,ji~gu~ji~gu,ji1~gu1~ji1~gu1,唧咕唧咕,唧咕唧咕,NA,NA,GongLiangYu,SOUND
jī~gū~jī~gū,ji~gu~ji~gu,ji1~gu1~ji1~gu1,嘰咕嘰咕,叽咕叽咕,NA,NA,GongLiangYu,SOUND
jī~jī,ji~ji,ji1~ji1,嘰嘰,叽叽,NA,NA,GongLiangYu,SOUND
jī~jī,ji~ji,ji1~ji1,唧唧,唧唧,NA,NA,GongLiangYu,SOUND
jī~jī,ji~ji,ji1~ji1,咭咭,咭咭,NA,NA,GongLiangYu,SOUND
jī~jī~zhā~zhā,ji~ji~zha~zha,ji1~ji1~zha1~zha1,唧唧喳喳,唧唧喳喳,NA,NA,GongLiangYu,SOUND
jī~jī~zhā~zhā,ji~ji~zha~zha,ji1~ji1~zha1~zha1,嘰嘰喳喳,叽叽喳喳,NA,NA,GongLiangYu,SOUND
jī~jī~gā~gā,ji~ji~ga~ga,ji1~ji1~ga1~ga1,嘰嘰嘎嘎,叽叽嘎嘎,NA,NA,GongLiangYu,SOUND
jī~jī~gē~gē,ji~ji~ge~ge,ji1~ji1~ge1~ge1,咭咭咯咯,咭咭咯咯,NA,NA,GongLiangYu,SOUND
jī~jī~gū~gū,ji~ji~gu~gu,ji1~ji1~gu1~gu1,唧唧咕咕,唧唧咕咕,NA,NA,GongLiangYu,SOUND
jī~jī~gū~gū,ji~ji~gu~gu,ji1~ji1~gu1~gu1,嘰嘰咕咕,叽叽咕咕,NA,NA,GongLiangYu,SOUND
jī~jī~gū~gū,ji~ji~gu~gu,ji1~ji1~gu1~gu1,唧唧呱呱,唧唧呱呱,NA~NA~ku~ku,NA~NA~*kʷˤa~*kʷˤa,GongLiangYu,SOUND
jī~jī~gū~gū,ji~ji~gu~gu,ji1~ji1~gu1~gu1,咭咭呱呱,咭咭呱呱,NA~NA~ku~ku,NA~NA~*kʷˤa~*kʷˤa,GongLiangYu,SOUND
jī~jī~guā~guā,ji~ji~gua~gua,ji1~ji1~gua1~gua1,咭咭刮刮,咭咭刮刮,NA~NA~kwaet~kwaet,NA~NA~*[kʷˤ]r[a]t~*[kʷˤ]r[a]t,GongLiangYu,SOUND
jī~jī~jiū~jiū,ji~ji~jiu~jiu,ji1~ji1~jiu1~jiu1,唧唧啾啾,唧唧啾啾,NA,NA,GongLiangYu,SOUND
jī~jī~nóng~nóng,ji~ji~nong~nong,ji1~ji1~nong2~nong2,唧唧噥噥,唧唧哝哝,NA,NA,GongLiangYu,SOUND
jī~jī~zhā~zhā,ji~ji~zha~zha,ji1~ji1~zha1~zha1,唧唧喳喳,唧唧喳喳,NA,NA,GongLiangYu,SOUND
jī~jī~zhā~zhā,ji~ji~zha~zha,ji1~ji1~zha1~zha1,嘰嘰喳喳,叽叽喳喳,NA,NA,GongLiangYu,SOUND
jī~jī~zhī~zhī,ji~ji~zhi~zhi,ji1~ji1~zhi1~zhi1,唧唧知知,唧唧知知,NA~NA~trje~trje,NA~NA~*tre~*tre,GongLiangYu,SOUND
jī~jī~zhī~zhī,ji~ji~zhi~zhi,ji1~ji1~zhi1~zhi1,唧唧吱吱,唧唧吱吱,NA,NA,GongLiangYu,SOUND
jī~lǐ~gū~lū,ji~li~gu~lu,ji1~li3~gu1~lu1,嘰里咕嚕,叽里咕噜,NA~liX,NA~*(mə.)rəʔ,GongLiangYu,SOUND
jī~lǐ~gū~lù,ji~li~gu~lu,ji1~li3~gu1~lu4,嘰里咕㖨,叽里咕㖨,NA~liX,NA~*(mə.)rəʔ,GongLiangYu,SOUND
jī~lǐ~gū~la,ji~li~gu~la,ji1~li3~gu1~la5,嘰里呱啦,叽里呱啦,NA~liX~ku,NA~*(mə.)rəʔ~*kʷˤa,GongLiangYu,SOUND
jī~lī~gū~la,ji~li~gu~la,ji1~li1~gu1~la5,嘰哩呱啦,叽哩呱啦,NA~NA~ku,NA~NA~*kʷˤa,GongLiangYu,SOUND
jī~lì~gū~luō,ji~li~gu~luo,ji1~li4~gu1~luo1,咭唎呱囉,咭唎呱囉,NA~NA~ku,NA~NA~*kʷˤa,GongLiangYu,SOUND
jí~dèng~dèng,ji~deng~deng,ji2~deng4~deng4,吉蹬蹬,吉蹬蹬,kjit,"*C.qi[t] (*C.q- > *k-, escaping palatalization)",GongLiangYu,SOUND
jí~dīng~dāng,ji~ding~dang,ji2~ding1~dang1,吉丁當,吉丁当,kjit~teng~tang,"*C.qi[t] (*C.q- > *k-, escaping palatalization)~*tˤeŋ~*tˤaŋ",GongLiangYu,SOUND
jí~dīng~dāng,ji~ding~dang,ji2~ding1~dang1,吉玎璫,吉玎璫,kjit,"*C.qi[t] (*C.q- > *k-, escaping palatalization)",GongLiangYu,SOUND
jí~dīng~dāng,ji~ding~dang,ji2~ding1~dang1,咭叮璫,咭叮璫,NA,NA,GongLiangYu,SOUND
jí~dīng~dīng~dāng,ji~ding~ding~dang,ji2~ding1~ding1~dang1,吉丁丁當,吉丁丁当,kjit~teng~teng~tang,"*C.qi[t] (*C.q- > *k-, escaping palatalization)~*tˤeŋ~*tˤeŋ~*tˤaŋ",GongLiangYu,SOUND
jí~jí,ji~ji,ji2~ji2,即即,即即,tsik~tsik,*[ts]ik~*[ts]ik,GongLiangYu,SOUND
jì~jì~cáo~cáo,ji~ji~cao~cao,ji4~ji4~cao2~cao2,嚌嚌嘈嘈,哜哜嘈嘈,NA,NA,GongLiangYu,SOUND
jiá~jiá,jia~jia,jia2~jia2,戛戛,戛戛,keat~keat,*kˤrik~*kˤrik,GongLiangYu,SOUND
jiá~rán,jia~ran,jia2~ran2,戛然,戛然,keat~nyen,*kˤrik~*[n]a[n],GongLiangYu,SOUND
jiāo~jiá,xiao~jia,jiao1~jia2,嘐戞,嘐戞,NA,NA,GongLiangYu,SOUND
jiāo~jiāo,jiao~jiao,jiao1~jiao1,交交,交交,kaew~kaew,*[k]ˤraw~*[k]ˤraw,GongLiangYu,SOUND
yǎo~yǎo,yao~yao,yao3~yao3,咬咬,咬咬,NA,NA,GongLiangYu,SOUND
jiào~jiào,jiao~jiao,jiao4~jiao4,叫叫,叫叫,kewH~kewH,*kˤewk-s~*kˤewk-s,GongLiangYu,SOUND
jīu~jī,jiu~ji,jiu1~ji1,啾唧,啾唧,NA,NA,GongLiangYu,SOUND
jīu~jīu,jiu~jiu,jiu1~jiu1,啾啾,啾啾,NA,NA,GongLiangYu,SOUND
jīu~jīu~jī~jī,jiu~jiu~ji~ji,jiu1~jiu1~ji1~ji1,啾啾唧唧,啾啾唧唧,NA,NA,GongLiangYu,SOUND
jīu~zhā,jiu~zha,jiu1~zha1,啾哳,啾哳,NA,NA,GongLiangYu,SOUND
jīu~zhā,jiu~zhou,jiu1~zha1,啾啁,啾啁,NA~traew,NA~*tˤriw,GongLiangYu,SOUND
jū~lǜ~lǜ,ju~lv~lv,ju1~lü4~lü4,鞠律律,鞠律律,NA~lwit~lwit,NA~*[r]ut~*[r]ut,GongLiangYu,SOUND
jué~jué,jue~jue,jue2~jue2,決決,决决,kwet~kwet,*[k]ʷˤet~*[k]ʷˤet,GongLiangYu,SOUND
kā,ka,ka1,喀,喀,NA,NA,GongLiangYu,SOUND
kā,ka,ka1,咔,咔,NA,NA,GongLiangYu,SOUND
kā~bā,ka~ba,ka1~ba1,喀吧,喀吧,NA,NA,GongLiangYu,SOUND
kā~bā,ka~ba,ka1~ba1,咔吧,咔吧,NA,NA,GongLiangYu,SOUND
kā~bā~bā,ka~ba~ba,ka1~ba1~ba1,咔叭叭,咔叭叭,NA,NA,GongLiangYu,SOUND
kā~chā,ka~ca,ka1~cha1,喀嚓,喀嚓,NA,NA,GongLiangYu,SOUND
kā~chā,ka~ca,ka1~cha1,咔嚓,咔嚓,NA,NA,GongLiangYu,SOUND
kā~dā,ka~da,ka1~da1,喀噠,喀哒,NA,NA,GongLiangYu,SOUND
kā~dā,ka~da,ka1~da1,咔噠,咔哒,NA,NA,GongLiangYu,SOUND
kā~dān,ka~dan,ka1~dan1,喀丹,喀丹,NA~tan,NA~*tˤan,GongLiangYu,SOUND
kā~lā,ka~la,ka1~la1,喀啦,喀啦,NA,NA,GongLiangYu,SOUND
kē,ke,ke1,磕,磕,NA,NA,GongLiangYu,SOUND
kē~cā,ke~ca,ke1~ca1,磕擦,磕擦,NA,NA,GongLiangYu,SOUND
kē~cā,ke~cha,ke1~ca1,磕叉,磕叉,NA,NA,GongLiangYu,SOUND
kē~cā,ke~cha,ke1~ca1,可叉,可叉,khaX,*[k]ʰˤa[j]ʔ,GongLiangYu,SOUND
kē~cā,gu~cha,ke1~ca1,扢插,扢插,NA~tsrheap,NA~*mə-[tsʰ]<r>op,GongLiangYu,SOUND
kē~cā~cā,ke~cha~cha,ke1~ca1~ca1,磕叉叉,磕叉叉,NA,NA,GongLiangYu,SOUND
gē~zhī~gē~chá,ge~zhi~ge~cha,ge1~zhi1~ge1~cha2,胳肢胳察,胳肢胳察,kak~tsye~kak~tsrheat,*[C.q]ˤak~*ke~*[C.q]ˤak~*[tsʰ]ˤret,GongLiangYu,SOUND
qǐ~chōu~gǔ~chā,qi~chou~gu~cha,qi3~chou1~gu3~cha1,乞抽扢叉,乞抽扢叉,khj+t~trhjuw,*C.qʰət~*l̥ru,GongLiangYu,SOUND
kē~cā~cā,ke~ca~ca,ke1~ca1~ca1,磕擦擦,磕擦擦,NA,NA,GongLiangYu,SOUND
kē~kē,ke~ke,ke1~ke1,磕磕,磕磕,NA,NA,GongLiangYu,SOUND
kē~pū,ke~pu,ke1~pu1,磕仆,磕仆,NA~phjuH,NA~*pʰ(r)ok-s,GongLiangYu,SOUND
kě~pū~pū,ke~pu~pu,ke3~pu1~pu1,可扑扑,可扑扑,khaX,*[k]ʰˤa[j]ʔ,GongLiangYu,SOUND
kì~zā~zā,ke~za~za,ki4~za1~za1,克匝匝,克匝匝,khok,*kʰˤək,GongLiangYu,SOUND
kēng,keng,keng1,硜,硜,NA,NA,GongLiangYu,SOUND
kēng,xian,keng1,礥,礥,NA,NA,GongLiangYu,SOUND
kēng,hang,keng1,吭,吭,NA,NA,GongLiangYu,SOUND
kēng~kēng,hang~hang,keng1~keng1,吭吭,吭吭,NA,NA,GongLiangYu,SOUND
kēng~kēng,hang~hang,keng1~keng1,鑦鑦,鑦鑦,NA,NA,GongLiangYu,SOUND
kēng~kēng,hang~hang,keng1~keng1,鑦銁,鑦銁,NA,NA,GongLiangYu,SOUND
kēng~kēng,hang~hang,keng1~keng1,鑦肱,鑦肱,NA~kwong,NA~*[k]ʷˤəŋ,GongLiangYu,SOUND
kēng~qiāng,鑦~qiang,keng1~qiang1,鑦鏘,鑦锵,NA,NA,GongLiangYu,SOUND
kēng~qiāng,鑦~qiang,keng1~qiang1,鑦鎗,鑦鎗,NA,NA,GongLiangYu,SOUND
kēng~rán,鑦~ran,keng1~ran2,鑦然,鑦然,NA~nyen,NA~*[n]a[n],GongLiangYu,SOUND
kōng,kong,kong1,空,空,khuwng,*kʰˤoŋ,GongLiangYu,SOUND
kuāng,kuang,kuang1,哐,哐,NA,NA,GongLiangYu,SOUND
kuāng~lāng,kuang~lang,kuang1~lang1,哐啷,哐啷,NA,NA,GongLiangYu,SOUND
kuāng~kuāng,kuang~kuang,kuang1~kuang1,匡匡,匡匡,khjwang~khjwang,*k-pʰaŋ~*k-pʰaŋ,GongLiangYu,SOUND
lā~lā,la~la,la1~la1,啦啦,啦啦,NA,NA,GongLiangYu,SOUND
lā~lā~lián~lián,la~la~lian~lian,la1~la1~lian2~lian2,喇喇嗹嗹,喇喇嗹嗹,NA,NA,GongLiangYu,SOUND
lā~sè,la~se,la1~se4,拉瑟,拉瑟,lop~srit,*[r]ˤəp~*[s.m]ri[t],GongLiangYu,SOUND
lá~dēng~lǐ~dēng,la~deng~li~deng,la2~deng1~li3~deng1,剌登哩登,剌登哩登,lat~tong~NA~tong,*mə.rˤat (~ C.rˤat ?)~*k-tˤəŋ~NA~*k-tˤəŋ,GongLiangYu,SOUND
lāng~lāng,lang~lang,lang1~lang1,啷啷,啷啷,NA,NA,GongLiangYu,SOUND
láng~dāng,lang~dang,lang2~dang1,瑯璫,瑯璫,NA,NA,GongLiangYu,SOUND
láng~láng,lang~lang,lang2~lang2,瑯瑯,瑯瑯,NA,NA,GongLiangYu,SOUND
lǎng~lǎng,lang~lang,lang3~lang3,朗朗,朗朗,langX~langX,*k.rˤaŋʔ~*k.rˤaŋʔ,GongLiangYu,SOUND
láo~láo,lao~lao,lao2~lao2,哰哰,哰哰,NA,NA,GongLiangYu,SOUND
lēng~lēng,㘄~㘄,leng1~leng1,㘄㘄,㘄㘄,NA,NA,GongLiangYu,SOUND
lì~lì,li~li,li4~li4,嚦嚦,呖呖,NA,NA,GongLiangYu,SOUND
lì~lì,li~li,li4~li4,瀝瀝,沥沥,NA,NA,GongLiangYu,SOUND
lì~lì,li~li,li4~li4,莅莅,莅莅,NA,NA,GongLiangYu,SOUND
lì~lì~xī~xī,li~li~xi~xi,li4~li4~xi1~xi1,瀝瀝淅淅,沥沥淅淅,NA,NA,GongLiangYu,SOUND
lì~lù,li~lu,li4~lu4,轣轆,轣辘,NA,NA,GongLiangYu,SOUND
liè~liè,lie~lie,lie4~lie4,獵獵,猎猎,ljep~ljep,*r[a]p~*r[a]p,GongLiangYu,SOUND
lín~lín,lin~lin,lin2~lin2,轔轔,辚辚,NA,NA,GongLiangYu,SOUND
líng,ling,ling2,鈴,铃,NA,NA,GongLiangYu,SOUND
líng~líng,ling~ling,ling2~ling2,玲玲,玲玲,NA,NA,GongLiangYu,SOUND
líng~líng,ling~ling,ling2~ling2,泠泠,泠泠,NA,NA,GongLiangYu,SOUND
líu~líu,liu~liu,liu2~liu2,飀飀,飀飀,NA,NA,GongLiangYu,SOUND
lóng,long,long2,隆,隆,ljuwng,*[r]uŋ,GongLiangYu,SOUND
lóng~lóng,long~long,long2~long2,隆隆,隆隆,ljuwng~ljuwng,*[r]uŋ~*[r]uŋ,GongLiangYu,SOUND
lù~lù,lu~lu,lu4~lu4,轆轆,辘辘,NA,NA,GongLiangYu,SOUND
māo,mao,mao1,貓,猫,maew,*C.mˤraw,GongLiangYu,SOUND
mī~mī,mi~mi,mi1~mi1,咪咪,咪咪,NA,NA,GongLiangYu,SOUND
mī~wū,mi~wu,mi1~wu1,咪嗚,咪呜,NA,NA,GongLiangYu,SOUND
mī~wū~mī~wū,mi~wu~mi~wu,mi1~wu1~mi1~wu1,咪嗚咪嗚,咪呜咪呜,NA,NA,GongLiangYu,SOUND
miào~wū~miào~wū,miao~wu~miao~wu,miao4~wu1~miao4~wu1,妙嗚妙嗚,妙呜妙呜,mjiewH~NA~mjiewH,*[m]ew(ʔ)-s~NA~*[m]ew(ʔ)-s,GongLiangYu,SOUND
miē,mie,mie1,咩,咩,NA,NA,GongLiangYu,SOUND
miē~miē,mie~mie,mie1~mie1,咩咩,咩咩,NA,NA,GongLiangYu,SOUND
mōu,mou,mou1,哞,哞,NA,NA,GongLiangYu,SOUND
nán~nán,nan~nan,nan2~nan2,喃喃,喃喃,NA,NA,GongLiangYu,SOUND
nán~nán~nè~nè,nan~nan~ne~ne,nan2~nan2~ne4~ne4,喃喃訥訥,喃喃讷讷,NA~NA~nwot~nwot,NA~NA~*nˤut~*nˤut,GongLiangYu,SOUND
nán~nán~nè~nè,nan~nan~ne~ne,nan2~nan2~ne4~ne4,喃喃吶吶,喃喃呐呐,NA~NA~nywet~nywet,NA~NA~*not~*not,GongLiangYu,SOUND
ní~nán,ni~nan,ni2~nan2,呢喃,呢喃,NA,NA,GongLiangYu,SOUND
ní~yà~ní~yà,ni~ya~ni~ya,ni2~ya4~ni2~ya4,尼亞尼亞,尼亚尼亚,nejX~'aeH~nejX~'aeH,*nˤərʔ~*ʔˤrak-s~*nˤərʔ~*ʔˤrak-s,GongLiangYu,SOUND
ng,嗯,ng,嗯,嗯,NA,NA,GongLiangYu,SOUND
ō~ō,o~o,o1~o1,噢噢,噢噢,NA,NA,GongLiangYu,SOUND
pā,pa,pa1,啪,啪,NA,NA,GongLiangYu,SOUND
pā~cā,pa~ca,pa1~ca1,啪嚓,啪嚓,NA,NA,GongLiangYu,SOUND
pā~dā,pa~ta,pa1~da1,啪嗒,啪嗒,NA,NA,GongLiangYu,SOUND
pā~lā,pa~la,pa1~la1,啪啦,啪啦,NA,NA,GongLiangYu,SOUND
pā~pā,pa~pa,pa1~pa1,啪啪,啪啪,NA,NA,GongLiangYu,SOUND
pāi,pai,pai1,拍,拍,phaek,*mə-pʰˤrak,GongLiangYu,SOUND
pāi~pāi~pāi,pai~pai~pai,pai1~pai1~pai1,拍拍拍,拍拍拍,phaek~phaek~phaek,*mə-pʰˤrak~*mə-pʰˤrak~*mə-pʰˤrak,GongLiangYu,SOUND
pāi~tà,pai~ta,pai1~ta4,拍撻,拍挞,phaek,*mə-pʰˤrak,GongLiangYu,SOUND
pāng,pang,pang1,乓,乓,NA,NA,GongLiangYu,SOUND
pāng~pāng,pang~pang,pang1~pang1,乓乓,乓乓,NA,NA,GongLiangYu,SOUND
páng~láng,bang~lang,pang2~lang2,磅硠,磅硠,NA,NA,GongLiangYu,SOUND
páng~páng,feng~feng,pang2~pang2,逢逢,逢逢,bjowng~bjowng,*[C.b](r)oŋ~*[C.b](r)oŋ,GongLiangYu,SOUND
pēi,pei,pei1,呸,呸,NA,NA,GongLiangYu,SOUND
pēng,peng,peng1,閛,閛,NA,NA,GongLiangYu,SOUND
pēng,peng,peng1,砰,砰,NA,NA,GongLiangYu,SOUND
pēng,peng,peng1,怦,怦,NA,NA,GongLiangYu,SOUND
pēng,peng,peng1,匉,匉,NA,NA,GongLiangYu,SOUND
pēng,peng,peng1,嘭,嘭,NA,NA,GongLiangYu,SOUND
pēng~pēng,peng~peng,peng1~peng1,怦怦,怦怦,NA,NA,GongLiangYu,SOUND
pēng~pēng,peng~peng,peng1~peng1,嘭嘭,嘭嘭,NA,NA,GongLiangYu,SOUND
péng~cā~cā,peng~ca~ca,peng2~ca1~ca1,蓬嚓嚓,蓬嚓嚓,NA,NA,GongLiangYu,SOUND
péng~péng,peng~peng,peng2~peng2,蓬蓬,蓬蓬,NA,NA,GongLiangYu,SOUND
péng~péng~péng,peng~peng~peng,peng2~peng2~peng2,蓬蓬蓬,蓬蓬蓬,NA,NA,GongLiangYu,SOUND
péng~péng,feng~feng,peng2~peng2,逢逢,逢逢,bjowng~bjowng,*[C.b](r)oŋ~*[C.b](r)oŋ,GongLiangYu,SOUND
péng~péng~dāng~dāng,peng~peng~dang~dang,peng2~peng2~dang1~dang1,蓬蓬鐺鐺,蓬蓬铛铛,NA,NA,GongLiangYu,SOUND
pī~dā~pāi~dā,pi~ta~pai~ta,pi1~da1~pai1~da1,劈嗒拍嗒,劈嗒拍嗒,NA~NA~phaek,NA~NA~*mə-pʰˤrak,GongLiangYu,SOUND
pì~lǐ~bō~lā,pi~li~bo~la,pi4~li3~bo1~la1,辟里拨剌,辟里拨剌,bek~liX~NA~lat,*[b]ˤek~*(mə.)rəʔ~NA~*mə.rˤat (~ C.rˤat ?),GongLiangYu,SOUND
pī~lī~pā~la,pi~li~pa~la,pi1~li1~pa1~la5,劈哩啪啦,劈哩啪啦,NA,NA,GongLiangYu,SOUND
pī~lī~pā~la,pi~li~pa~la,pi1~li1~pa1~la5,噼哩啪啦,噼哩啪啦,NA,NA,GongLiangYu,SOUND
pì~líu~pū~lù,pi~liu~pu~lu,pi4~liu2~pu1~lu4,辟留扑碌,辟留扑碌,bek~ljuw,*[b]ˤek~*C.ru,GongLiangYu,SOUND
pī~pā,pi~pa,pi1~pa1,劈啪,劈啪,NA,NA,GongLiangYu,SOUND
pī~pā,pi~pa,pi1~pa1,噼啪,噼啪,NA,NA,GongLiangYu,SOUND
pī~pāi,pi~pai,pi1~pai1,噼拍,噼拍,NA~phaek,NA~*mə-pʰˤrak,GongLiangYu,SOUND
pī~pī~pā~pā,pi~pi~pa~pa,pi1~pi1~pa1~pa1,劈劈啪啪,劈劈啪啪,NA,NA,GongLiangYu,SOUND
pì~pì~pā~pā,pi~pi~pa~pa,pi4~pi4~pa1~pa1,辟辟啪啪,辟辟啪啪,bek~bek,*[b]ˤek~*[b]ˤek,GongLiangYu,SOUND
pī~pī~pāi~pāi,pi~pi~pai~pai,pi1~pi1~pai1~pai1,劈劈拍拍,劈劈拍拍,NA~NA~phaek~phaek,NA~NA~*mə-pʰˤrak~*mə-pʰˤrak,GongLiangYu,SOUND
pīng,ping,ping1,乒,乒,NA,NA,GongLiangYu,SOUND
pīng~pāng,ping~pang,ping1~pang1,乒乓,乒乓,NA,NA,GongLiangYu,SOUND
pō~lā,po~la,po1~la1,潑剌,泼剌,NA~lat,NA~*mə.rˤat (~ C.rˤat ?),GongLiangYu,SOUND
pū,pu,pu1,噗,噗,NA,NA,GongLiangYu,SOUND
pū,pu,pu1,扑,扑,NA,NA,GongLiangYu,SOUND
pū~chī,pu~chi,pu1~chi1,扑哧,扑哧,NA,NA,GongLiangYu,SOUND
pū~chī,pu~chi,pu1~chi1,扑嗤,扑嗤,NA,NA,GongLiangYu,SOUND
pū~chī,pu~chi,pu1~chi1,噗嗤,噗嗤,NA,NA,GongLiangYu,SOUND
pū~chī,pu~chi,pu1~chi1,噗哧,噗哧,NA,NA,GongLiangYu,SOUND
pū~chī~pū~chī,pu~chi~pu~chi,pu1~chi1~pu1~chi1,扑哧扑哧,扑哧扑哧,NA,NA,GongLiangYu,SOUND
pū~dōng,pu~dong,pu1~dong1,扑冬,扑冬,NA~towng,NA~*tˤuŋ,GongLiangYu,SOUND
pū~dōng,pu~dong,pu1~dong1,扑咚,扑咚,NA,NA,GongLiangYu,SOUND
pū~dōng~dōng,pu~dong~dong,pu1~dong1~dong1,扑咚咚,扑咚咚,NA,NA,GongLiangYu,SOUND
pū~dōng,pu~dong,pu1~dong1,噗咚,噗咚,NA,NA,GongLiangYu,SOUND
pǔ~dōng~dōng,pu~dong~dong,pu3~dong1~dong1,普冬冬,普冬冬,NA~towng~towng,NA~*tˤuŋ~*tˤuŋ,GongLiangYu,SOUND
pū~pū~dōng~dōng,pu~pu~dong~dong,pu1~pu1~dong1~dong1,噗噗咚咚,噗噗咚咚,NA,NA,GongLiangYu,SOUND
pū~gā~dū~dū,pu~ga~du~du,pu1~ga1~du1~du1,噗嘎嘟嘟,噗嘎嘟嘟,NA,NA,GongLiangYu,SOUND
pū~lā~lā,pu~la~la,pu1~la1~la1,噗拉拉,噗拉拉,NA~lop~lop,NA~*[r]ˤəp~*[r]ˤəp,GongLiangYu,SOUND
pū~lā~lā,pu~la~la,pu1~la1~la1,扑啦啦,扑啦啦,NA,NA,GongLiangYu,SOUND
pū~lā~lā,pu~la~la,pu1~la1~la1,扑剌剌,扑剌剌,NA~lat~lat,NA~*mə.rˤat (~ C.rˤat ?)~*mə.rˤat (~ C.rˤat ?),GongLiangYu,SOUND
pū~lēng,pu~leng,pu1~leng1,扑棱,扑棱,NA,NA,GongLiangYu,SOUND
pū~lēng~lēng,pu~leng~leng,pu1~leng1~leng1,扑楞楞,扑楞楞,NA,NA,GongLiangYu,SOUND
pū~lū,pu~lu,pu1~lu1,扑漉,扑漉,NA,NA,GongLiangYu,SOUND
pū~lū,pu~lu,pu1~lu1,扑鹿,扑鹿,NA~luwk,NA~*mə-rˤok,GongLiangYu,SOUND
pū~lū~lū,pu~lu~lu,pu1~lu1~lu1,噗嚕嚕,噗噜噜,NA,NA,GongLiangYu,SOUND
pū~lù~lù,pu~lu~lu,pu1~lu4~lu4,噗碌碌,噗碌碌,NA,NA,GongLiangYu,SOUND
pū~lū~lū,pu~lu~lu,pu1~lu1~lu1,扑嚕嚕,扑噜噜,NA,NA,GongLiangYu,SOUND
pū~lū~pū~lū,pu~lu~pu~lu,pu1~lu1~pu1~lu1,扑嚕扑嚕,扑噜扑噜,NA,NA,GongLiangYu,SOUND
pū~pū,pu~pu,pu1~pu1,噗噗,噗噗,NA,NA,GongLiangYu,SOUND
pū~pū,pu~pu,pu1~pu1,扑扑,扑扑,NA,NA,GongLiangYu,SOUND
pū~pū,pi~pi,pu1~pu1,丕丕,丕丕,phij~phij,*pʰrə~*pʰrə,GongLiangYu,SOUND
pū~pū~lā~lā,pu~pu~la~la,pu1~pu1~la1~la1,扑扑拉拉,扑扑拉拉,NA~NA~lop~lop,NA~NA~*[r]ˤəp~*[r]ˤəp,GongLiangYu,SOUND
pū~pū~tōng~tōng,pu~pu~tong~tong,pu1~pu1~tong1~tong1,扑扑通通,扑扑通通,NA~NA~thuwng~thuwng,NA~NA~*l̥ˤoŋ~*l̥ˤoŋ,GongLiangYu,SOUND
pū~sù~sù,pu~su~su,pu1~su4~su4,扑簌簌,扑簌簌,NA,NA,GongLiangYu,SOUND
pū~tēng,pu~teng,pu1~teng1,扑騰,扑腾,NA~dong,NA~*lˤəŋ,GongLiangYu,SOUND
pū~tēng~pū~tēng,pu~teng~pu~teng,pu1~teng1~pu1~teng1,扑騰扑騰,扑腾扑腾,NA~dong~NA~dong,NA~*lˤəŋ~NA~*lˤəŋ,GongLiangYu,SOUND
pū~tōng,pu~tong,pu1~tong1,扑通,扑通,NA~thuwng,NA~*l̥ˤoŋ,GongLiangYu,SOUND
pū~tōng,pu~tong,pu1~tong1,扑同,扑同,NA~duwng,NA~*lˤoŋ,GongLiangYu,SOUND
pū~tōng,pu~tong,pu1~tong1,扑桶,扑桶,NA~thuwngX,NA~*l̥ˤoŋʔ,GongLiangYu,SOUND
pū~tōng,pu~tong,pu1~tong1,噗通,噗通,NA~thuwng,NA~*l̥ˤoŋ,GongLiangYu,SOUND
pū~tōng,pu~tong,pu1~tong1,骨董,骨董,kwot,*kˤut,GongLiangYu,SOUND
qī~qī~chā~chā,qi~qi~zha~zha,qi1~qi1~zha1~zha1,嘁嘁喳喳,嘁嘁喳喳,NA,NA,GongLiangYu,SOUND
cù~cù~chā~chā,cu~cu~zha~zha,cu4~cu4~zha1~zha1,槭槭楂楂,槭槭楂楂,NA,NA,GongLiangYu,SOUND
qiāng,qiang,qiang1,鏘,锵,NA,NA,GongLiangYu,SOUND
qiāng~qiāng,qiang~qiang,qiang1~qiang1,鏘鏘,锵锵,NA,NA,GongLiangYu,SOUND
qiāng~qiāng,qiang~qiang,qiang1~qiang1,鶬鶬,鶬鶬,NA,NA,GongLiangYu,SOUND
qiāng~qiāng,qiang~qiang,qiang1~qiang1,將將,将将,tsjang~tsjang,*[ts]aŋ~*[ts]aŋ,GongLiangYu,SOUND
qiāng~qiāng,qiang~qiang,qiang1~qiang1,瑲瑲,瑲瑲,NA,NA,GongLiangYu,SOUND
qiè~qiè,qie~qie,qie4~qie4,切切,切切,tshet~tshet,*[tsʰ]ˤi[t]~*[tsʰ]ˤi[t],GongLiangYu,SOUND
qióng~qióng,qiong~qiong,qiong2~qiong2,跫跫,跫跫,NA,NA,GongLiangYu,SOUND
sà~lā~lā,sa~la~la,sa4~la1~la1,颯剌剌,飒剌剌,NA~lat~lat,NA~*mə.rˤat (~ C.rˤat ?)~*mə.rˤat (~ C.rˤat ?),GongLiangYu,SOUND
sà~sà,sa~sa,sa4~sa4,颯颯,飒飒,NA,NA,GongLiangYu,SOUND
sà~sà,sa~sa,sa4~sa4,颯洒,飒洒,NA~sreaX,NA~*Cə.s<r>ərʔ,GongLiangYu,SOUND
sāng~láng~láng,sang~lang~lang,sang1~lang2~lang2,桑瑯瑯,桑瑯瑯,sang,*[s]ˤaŋ,GongLiangYu,SOUND
sāo~sāo,sao~sao,sao1~sao1,颾颾,颾颾,NA,NA,GongLiangYu,SOUND
sāo~sāo,sao~sao,sao1~sao1,騷騷,骚骚,saw~saw,*[s]ˤu~*[s]ˤu,GongLiangYu,SOUND
sè~líng~líng,se~ling~ling,se4~ling2~ling2,飋玲玲,飋玲玲,NA,NA,GongLiangYu,SOUND
sè~sè,se~se,se4~se4,瑟瑟,瑟瑟,srit~srit,*[s.m]ri[t]~*[s.m]ri[t],GongLiangYu,SOUND
shā~shā,sha~sha,sha1~sha1,沙沙,沙沙,srae~srae,*sˤraj~*sˤraj,GongLiangYu,SOUND
shā~shā~shā,sha~sha~sha,sha1~sha1~sha1,沙沙沙,沙沙沙,srae~srae~srae,*sˤraj~*sˤraj~*sˤraj,GongLiangYu,SOUND
shà~shà,sha~sha,sha4~sha4,唼唼,唼唼,NA,NA,GongLiangYu,SOUND
shī~líu~shū~lā,shi~liu~shu~la,shi1~liu2~shu1~la1,失流疏剌,失流疏剌,syit~ljuw~srjo~lat,*l̥i[t]~*ru~*sra~*mə.rˤat (~ C.rˤat ?),GongLiangYu,SOUND
shī~líu~shū~lā,shi~liu~shu~la,shi1~liu2~shu1~la1,失留疏剌,失留疏剌,syit~ljuw~srjo~lat,*l̥i[t]~*C.ru~*sra~*mə.rˤat (~ C.rˤat ?),GongLiangYu,SOUND
shī~líu~shū~lā,shi~liu~shu~la,shi1~liu2~shu1~la1,失留屑剌,失留屑剌,syit~ljuw~set~lat,*l̥i[t]~*C.ru~*s-lˤi[t]~*mə.rˤat (~ C.rˤat ?),GongLiangYu,SOUND
shū~lā~lā,shu~la~la,shu1~la1~la1,疏剌剌,疏剌剌,srjo~lat~lat,*sra~*mə.rˤat (~ C.rˤat ?)~*mə.rˤat (~ C.rˤat ?),GongLiangYu,SOUND
shū~lā~lā,shu~la~la,shu1~la1~la1,疏喇喇,疏喇喇,srjo,*sra,GongLiangYu,SOUND
shū~lā~lā,shu~la~la,shu1~la1~la1,率剌剌,率剌剌,lwijH~lat~lat,*[r]ut-s~*mə.rˤat (~ C.rˤat ?)~*mə.rˤat (~ C.rˤat ?),GongLiangYu,SOUND
shuā,shua,shua1,刷,刷,srjwet,*[s]r[o]t (dialect: retains MC srj-),GongLiangYu,SOUND
shuā~lā,shua~la,shua1~la1,刷拉,刷拉,srjwet~lop,*[s]r[o]t (dialect: retains MC srj-)~*[r]ˤəp,GongLiangYu,SOUND
shuā~shuā,shua~shua,shua1~shua1,刷刷,刷刷,srjwet~srjwet,*[s]r[o]t (dialect: retains MC srj-)~*[s]r[o]t (dialect: retains MC srj-),GongLiangYu,SOUND
shuā~shuā~shuā,shua~shua~shua,shua1~shua1~shua1,刷刷刷,刷刷刷,srjwet~srjwet~srjwet,*[s]r[o]t (dialect: retains MC srj-)~*[s]r[o]t (dialect: retains MC srj-)~*[s]r[o]t (dialect: retains MC srj-),GongLiangYu,SOUND
sī~sī,si~si,si1~si1,嘶嘶,嘶嘶,sej~sej,*[s]ˤe~*[s]ˤe,GongLiangYu,SOUND
sī~lā,si~la,si1~la1,嘶拉,嘶拉,sej~lop,*[s]ˤe~*[r]ˤəp,GongLiangYu,SOUND
sī~lā~lā,si~la~la,si1~la5~la5,嘶啦啦,嘶啦啦,sej,*[s]ˤe,GongLiangYu,SOUND
sī~láng~láng,si~lang~lang,si1~lang2~lang2,廝琅琅,廝琅琅,NA~lang~lang,NA~*[r]ˤaŋ~*[r]ˤaŋ,GongLiangYu,SOUND
sī~láng~láng~tāng,si~lang~lang~tang,si1~lang2~lang2~tang1,廝琅琅湯,廝琅琅汤,NA~lang~lang~syang,NA~*[r]ˤaŋ~*[r]ˤaŋ~*l̥aŋ,GongLiangYu,SOUND
sī~sī,si~si,si1~si1,嘶嘶,嘶嘶,sej~sej,*[s]ˤe~*[s]ˤe,GongLiangYu,SOUND
sī~sī,si~si,si1~si1,澌澌,澌澌,NA,NA,GongLiangYu,SOUND
sī~sī,si~si,si1~si1,噝噝,噝噝,NA,NA,GongLiangYu,SOUND
sōu,sou,sou1,嗖,嗖,NA,NA,GongLiangYu,SOUND
sōu,sou,sou1,颼,飕,NA,NA,GongLiangYu,SOUND
sōu~sōu,sou~sou,sou1~sou1,嗖嗖,嗖嗖,NA,NA,GongLiangYu,SOUND
sōu~sōu~sōu,sou~sou~sou,sou1~sou1~sou1,嗖嗖嗖,嗖嗖嗖,NA,NA,GongLiangYu,SOUND
sōu~sōu,sou~sou,sou1~sou1,颼颼,飕飕,NA,NA,GongLiangYu,SOUND
sōu~líu,sou~liu,sou1~liu2,颼飀,飕飀,NA,NA,GongLiangYu,SOUND
sù,su,su4,簌,簌,NA,NA,GongLiangYu,SOUND
sù~sù,su~su,su4~su4,簌簌,簌簌,NA,NA,GongLiangYu,SOUND
sù~sù,su~su,su4~su4,蔌蔌,蔌蔌,NA,NA,GongLiangYu,SOUND
tā~tā,ta~ta,ta1~ta1,它它,它它,tha~tha,*l̥ˤaj~*l̥ˤaj,GongLiangYu,SOUND
tà~tà,ta~ta,ta4~ta4,蹋蹋,蹋蹋,dap~dap,*lˤap~*lˤap,GongLiangYu,SOUND
tà~tà,ta~ta,ta4~ta4,踏踏,踏踏,NA,NA,GongLiangYu,SOUND
tà~tà,ta~ta,ta4~ta4,沓沓,沓沓,dop~dop,*m-rˤəp~*m-rˤəp,GongLiangYu,SOUND
tāng,tang,tang1,嘡,嘡,NA,NA,GongLiangYu,SOUND
tāng,tang,tang1,闛,闛,NA,NA,GongLiangYu,SOUND
tāng,tang,tang1,閶,阊,NA,NA,GongLiangYu,SOUND
tāng,tang,tang1,鞺,鞺,NA,NA,GongLiangYu,SOUND
tāng,tang,tang1,鏜,镗,thang,*tʰˤaŋ,GongLiangYu,SOUND
tāng~tāng,tang~tang,tang1~tang1,鏜鏜,镗镗,thang~thang,*tʰˤaŋ~*tʰˤaŋ,GongLiangYu,SOUND
tāng~tāng,tang~tang,tang1~tang1,嘡嘡,嘡嘡,NA,NA,GongLiangYu,SOUND
tāng~tāng~tāng,tang~tang~tang,tang1~tang1~tang1,嘡嘡嘡,嘡嘡嘡,NA,NA,GongLiangYu,SOUND
tāng~tāng~tà~tà,鞺~鞺~鞺~鞺,tang1~tang1~ta4~ta4,鞺鞺鞳鞳,鞺鞺鞳鞳,NA,NA,GongLiangYu,SOUND
táng~tà,tang~ta,tang2~ta4,闛鞳,闛鞳,NA,NA,GongLiangYu,SOUND
táng~tà,tang~ta,tang2~ta4,闛閤,闛閤,NA~kop,NA~*[k]ˤ[o]p,GongLiangYu,SOUND
tēi~léng,te~leng,tei1~leng2,忒楞,忒楞,thok,*l̥ˤək,GongLiangYu,SOUND
tēi~léng~léng,te~leng~leng,tei1~leng2~leng2,忒楞楞,忒楞楞,thok,*l̥ˤək,GongLiangYu,SOUND
tēi~léng~léng~téng,te~leng~leng~teng,tei1~leng2~leng2~teng2,忒楞楞騰,忒楞楞腾,thok~NA~NA~dong,*l̥ˤək~NA~NA~*lˤəŋ,GongLiangYu,SOUND
tēir,te~er,teir1,忒兒,忒儿,thok~nye,*l̥ˤək~*ŋe,GongLiangYu,SOUND
tēir~lou~lou,te~er~lou~lou,teir1~lou5~lou5,忒兒嘍嘍,忒儿喽喽,thok~nye,*l̥ˤək~*ŋe,GongLiangYu,SOUND
tī~tī~tuō,ti~ti~tuo,ti1~ti1~tuo1,剔剔托,剔剔托,thek~thek,*l̥ˤek~*l̥ˤek,GongLiangYu,SOUND
tī~líu~tū~lǔ,ti~liu~tu~lu,ti1~liu2~tu1~lu3,剔流秃魯,剔流秃鲁,thek~ljuw~NA~luX,*l̥ˤek~*ru~NA~*[r]ˤaʔ,GongLiangYu,SOUND
tī~tī~tā~tā,ti~ti~ta~ta,ti1~ti1~ta1~ta1,踢踢踏踏,踢踢踏踏,NA,NA,GongLiangYu,SOUND
tí~tí~dā,ti~ti~ta,ti2~ti2~da1,提提嗒,提提嗒,dej~dej,*[d]ˤe~*[d]ˤe,GongLiangYu,SOUND
tōng,tong,tong1,通,通,thuwng,*l̥ˤoŋ,GongLiangYu,SOUND
tōng,tong,tong1,嗵,嗵,NA,NA,GongLiangYu,SOUND
tōng~tōng,tong~tong,tong1~tong1,嗵嗵,嗵嗵,NA,NA,GongLiangYu,SOUND
tū,tu,tu1,突,突,dwot,*m-tʰˤut,GongLiangYu,SOUND
tū~tū,tu~tu,tu1~tu1,突突,突突,dwot~dwot,*m-tʰˤut~*m-tʰˤut,GongLiangYu,SOUND
tū~tū~tū,tu~tu~tu,tu1~tu1~tu1,突突突,突突突,dwot~dwot~dwot,*m-tʰˤut~*m-tʰˤut~*m-tʰˤut,GongLiangYu,SOUND
tuō,tuo,tuo1,托,托,NA,NA,GongLiangYu,SOUND
tuó~tuó,tuo~tuo,tuo2~tuo2,橐橐,橐橐,thak~thak,*tʰˤak~*tʰˤak,GongLiangYu,SOUND
tuó~tuó~tuó,tuo~tuo~tuo,tuo2~tuo2~tuo2,橐橐橐,橐橐橐,thak~thak~thak,*tʰˤak~*tʰˤak~*tʰˤak,GongLiangYu,SOUND
wā,wa,wa1,哇,哇,NA,NA,GongLiangYu,SOUND
wā~lā~wā~lā,wa~la~wa~la,wa1~la1~wa1~la1,哇啦哇啦,哇啦哇啦,NA,NA,GongLiangYu,SOUND
~wā~lā~wā~lā,wa~la~wa~la,wa1~la1~wa1~la1,哇喇哇喇,哇喇哇喇,NA,NA,GongLiangYu,SOUND
wā~lī~wā~lā,wa~li~wa~la,wa1~li1~wa1~la1,哇哩哇啦,哇哩哇啦,NA,NA,GongLiangYu,SOUND
wā~wā,wa~wa,wa1~wa1,哇哇,哇哇,NA,NA,GongLiangYu,SOUND
wā~wā~wā~wā,wa~wa~wa~wa,wa1~wa1~wa1~wa1,哇哇哇哇,哇哇哇哇,NA,NA,GongLiangYu,SOUND
wāng,wang,wang1,汪,汪,'wang,*qʷˤaŋ,GongLiangYu,SOUND
wāng~wāng,wang~wang,wang1~wang1,汪汪,汪汪,'wang~'wang,*qʷˤaŋ~*qʷˤaŋ,GongLiangYu,SOUND
wéi~wéi,wei~wei,wei2~wei2,唯唯,唯唯,ywij~ywij,*ɢʷij (< *ɢʷuj?)~*ɢʷij (< *ɢʷuj?),GongLiangYu,SOUND
wēng,weng,weng1,嗡,嗡,NA,NA,GongLiangYu,SOUND
wēng~wēng,weng~weng,weng1~weng1,嗡嗡,嗡嗡,NA,NA,GongLiangYu,SOUND
wēng~wēng~wēng,weng~weng~weng,weng1~weng1~weng1,嗡嗡嗡,嗡嗡嗡,NA,NA,GongLiangYu,SOUND
wēng~wēng~yáng~yáng,weng~weng~yang~yang,weng1~weng1~yang2~yang2,嗡嗡揚揚,嗡嗡扬扬,NA~NA~yang~yang,NA~NA~*laŋ~*laŋ,GongLiangYu,SOUND
wō,o,wo1,喔,喔,NA,NA,GongLiangYu,SOUND
wō~wō,o~o,wo1~wo1,喔喔,喔喔,NA,NA,GongLiangYu,SOUND
wō~wō~wō,o~o~o,wo1~wo1~wo1,喔喔喔,喔喔喔,NA,NA,GongLiangYu,SOUND
wō~yī,o~yi,wo1~yi1,喔咿,喔咿,NA~'jij,NA~*[ʔ]ij,GongLiangYu,SOUND
wū,wu,wu1,嗚,呜,NA,NA,GongLiangYu,SOUND
wū~lī~wū~la,wu~li~wu~la,wu1~li1~wu1~la5,嗚哩嗚啦,呜哩呜啦,NA,NA,GongLiangYu,SOUND
wū~wū,wu~wu,wu1~wu1,嗚嗚,呜呜,NA,NA,GongLiangYu,SOUND
wū~wū~wū,wu~wu~wu,wu1~wu1~wu1,嗚嗚嗚,呜呜呜,NA,NA,GongLiangYu,SOUND
wū~wū~la,wu~wu~la,wu1~wu1~la5,嗚嗚啦,呜呜啦,NA,NA,GongLiangYu,SOUND
wū~wū~yè~yè,wu~wu~yan~yan,wu1~wu1~ye4~ye4,嗚嗚咽咽,呜呜咽咽,NA~NA~'en~'en,NA~NA~*ʔˤi[n]~*ʔˤi[n],GongLiangYu,SOUND
wū~yè,wu~yan,wu1~ye4,嗚咽,呜咽,NA~'en,NA~*ʔˤi[n],GongLiangYu,SOUND
wú~áo,wu~ao,wu2~ao2,唔嗷,唔嗷,NA,NA,GongLiangYu,SOUND
wú~lǐ~wā~la,wu~li~wa~la,wu2~li3~wa1~la5,唔理哇啦,唔理哇啦,NA~liX,NA~*m(ə).rəʔ,GongLiangYu,SOUND
wú~yī,wu~yi,wu2~yi1,吾伊,吾伊,ngu~'jij,*ŋˤa~*ʔij,GongLiangYu,SOUND
wù~wù~wù,wu~wu~wu,wu4~wu4~wu4,勿勿勿,勿勿勿,mjut~mjut~mjut,*mut~*mut~*mut,GongLiangYu,SOUND
xī,xi,xi1,唏,唏,NA,NA,GongLiangYu,SOUND
xī,xi,xi1,嘻,嘻,NA,NA,GongLiangYu,SOUND
xī~hū~xī~hū,xi~hu~xi~hu,xi1~hu1~xi1~hu1,嘻呼嘻呼,嘻呼嘻呼,NA~xu~NA~xu,NA~*qʰˤa~NA~*qʰˤa,GongLiangYu,SOUND
xī~lì,xi~li,xi1~li4,淅瀝,淅沥,NA,NA,GongLiangYu,SOUND
xī~lǐ~hōng~lóng,xi~li~hong~long,xi1~li3~hong1~long2,稀里轟龍,稀里轰龙,NA~liX~NA~ljowng,NA~*(mə.)rəʔ~NA~*[mə]-roŋ,GongLiangYu,SOUND
xī~lǐ~hū~lā,xi~li~hu~la,xi1~li3~hu1~la1,吸里忽剌,吸里忽剌,xip~liX~xwot~lat,*qʰ(r)əp~*(mə.)rəʔ~*m̥ˤut~*mə.rˤat (~ C.rˤat ?),GongLiangYu,SOUND
xī~lǐ~huā~la,xi~li~hua~la,xi1~li3~hua1~la5,稀里嘩啦,稀里哗啦,NA~liX,NA~*(mə.)rəʔ,GongLiangYu,SOUND
xī~lì~lì,xi~li~li,xi1~li4~li4,淅瀝瀝,淅沥沥,NA,NA,GongLiangYu,SOUND
xī~líng~líng,xi~ling~ling,xi1~ling2~ling2,淅零零,淅零零,NA~leng~leng,NA~*[r]ˤiŋ~*[r]ˤiŋ,GongLiangYu,SOUND
xī~líng~líng,xi~ling~ling,xi1~ling2~ling2,昔零零,昔零零,sjek~leng~leng,*[s]Ak~*[r]ˤiŋ~*[r]ˤiŋ,GongLiangYu,SOUND
xī~líng~líng,xi~ling~ling,xi1~ling2~ling2,淅冽冽,淅冽冽,NA~ljet~ljet,NA~*C.r[a]t~*C.r[a]t,GongLiangYu,SOUND
xī~líu~xì~líng,xi~liu~xi~ling,xi1~liu2~xi4~ling2,昔留係零,昔留係零,sjek~ljuw~kejH~leng,*[s]Ak~*C.ru~*kˤek-s~*[r]ˤiŋ,GongLiangYu,SOUND
xī~líu~xī~líng,xi~liu~xi~ling,xi1~liu2~xi1~ling2,淅留淅零,淅留淅零,NA~ljuw~NA~leng,NA~*C.ru~NA~*[r]ˤiŋ,GongLiangYu,SOUND
xī~līu~xī~liè,xi~liu~xi~lie,xi1~liu1~xi1~lie4,淅溜淅冽,淅溜淅冽,NA~ljet~NA~NA,NA~*C.r[a]t~NA~NA,GongLiangYu,SOUND
xī~líng~xī~líu,xi~ling~xi~liu,xi1~ling2~xi1~liu2,淅零淅留,淅零淅留,NA~leng~NA~ljuw,NA~*[r]ˤiŋ~NA~*C.ru,GongLiangYu,SOUND
xī~líng~xī~líu,xi~ling~xi~liu,xi1~ling2~xi1~liu2,唏𠺕嘩喇,唏𠺕哗喇,NA,NA,GongLiangYu,SOUND
xī~lì~huā~lā,xi~li~hua~la,xi1~li4~hua1~la1,唏唎嘩喇,唏唎哗喇,NA,NA,GongLiangYu,SOUND
xī~lì~huā~lā,xi~li~hua~la,xi1~li4~hua1~la1,嘻唎嘩喇,嘻唎哗喇,NA,NA,GongLiangYu,SOUND
xī~sà,xi~sa,xi1~sa4,淅颯,淅飒,NA,NA,GongLiangYu,SOUND
xī~sù,xi~su,xi1~su4,窸窣,窸窣,NA,NA,GongLiangYu,SOUND
xī~xī,xi~xi,xi1~xi1,嘻嘻,嘻嘻,NA,NA,GongLiangYu,SOUND
xī~xī,xi~xi,xi1~xi1,唏唏,唏唏,NA,NA,GongLiangYu,SOUND
xī~xī,xi~xi,xi1~xi1,嬉嬉,嬉嬉,NA,NA,GongLiangYu,SOUND
xī~xī,xi~xi,xi1~xi1,熙熙,熙熙,xi~xi,*qʰ(r)ə~*qʰ(r)ə,GongLiangYu,SOUND
xī~xī,xi~xi,xi1~xi1,西西,西西,sej~sej,*s-nˤər~*s-nˤər,GongLiangYu,SOUND
xī~xī,xi~xi,xi1~xi1,淅淅,淅淅,NA,NA,GongLiangYu,SOUND
xī~xī~hā~hā,xi~xi~ha~ha,xi1~xi1~ha1~ha1,嘻嘻哈哈,嘻嘻哈哈,NA,NA,GongLiangYu,SOUND
xī~xī~hā~hā,xi~xi~ha~ha,xi1~xi1~ha1~ha1,唏唏哈哈,唏唏哈哈,NA,NA,GongLiangYu,SOUND
xī~xī~lì~lì,xi~xi~li~li,xi1~xi1~li4~li4,淅淅瀝瀝,淅淅沥沥,NA,NA,GongLiangYu,SOUND
xī~xī~sà~sà,xi~xi~sa~sa,xi1~xi1~sa4~sa4,淅淅颯颯,淅淅飒飒,NA,NA,GongLiangYu,SOUND
xī~xī~sù~sù,xi~xi~su~su,xi1~xi1~su4~su4,窸窸窣窣,窸窸窣窣,NA,NA,GongLiangYu,SOUND
xī~xī~sù~sù,xi~xi~su~su,xi1~xi1~su4~su4,窸窸索索,窸窸索索,NA~NA~sak~sak,NA~NA~*[s]ˤak~*[s]ˤak,GongLiangYu,SOUND
xī~xī~xū~xū,xi~xi~xu~xu,xi1~xi1~xu1~xu1,唏唏噓噓,唏唏嘘嘘,NA,NA,GongLiangYu,SOUND
xī~xū,xi~xu,xi1~xu1,唏噓,唏嘘,NA,NA,GongLiangYu,SOUND
xī~xū,xi~xu,xi1~xu1,欷歔,欷歔,NA,NA,GongLiangYu,SOUND
xiā~xiā,xia~xia,xia1~xia1,呷呷,呷呷,NA,NA,GongLiangYu,SOUND
xiāo~sè,xiao~se,xiao1~se4,蕭瑟,萧瑟,sew~srit,*sˤiw~*[s.m]ri[t],GongLiangYu,SOUND
xiāo~xiāo,xiao~xiao,xiao1~xiao1,蕭蕭,萧萧,sew~sew,*sˤiw~*sˤiw,GongLiangYu,SOUND
xiōng~xiōng,xiong~xiong,xiong1~xiong1,汹汹,汹汹,NA,NA,GongLiangYu,SOUND
xiū~xiū,xiu~xiu,xiu1~xiu1,咻咻,咻咻,NA,NA,GongLiangYu,SOUND
xū,xu,xu1,噓,嘘,NA,NA,GongLiangYu,SOUND
xū~xī,xu~xi,xu1~xi1,噓唏,嘘唏,NA,NA,GongLiangYu,SOUND
xū~xū,xu~xu,xu1~xu1,吁吁,吁吁,xju~xju,*qʷʰ(r)a~*qʷʰ(r)a,GongLiangYu,SOUND
xū~xū,xu~xu,xu1~xu1,噓噓,嘘嘘,NA,NA,GongLiangYu,SOUND
yā,ya,ya1,呀,呀,NA,NA,GongLiangYu,SOUND
yā,ya,ya1,啞,哑,'aeX,*ʔˤraʔ,GongLiangYu,SOUND
yā~yā,ya~ya,ya1~ya1,呀呀,呀呀,NA,NA,GongLiangYu,SOUND
yā~yā,ya~ya,ya1~ya1,啞啞,哑哑,'aeX~'aeX,*ʔˤraʔ~*ʔˤraʔ,GongLiangYu,SOUND
yá~yá,ya~ya,ya2~ya2,牙牙,牙牙,ngae~ngae,*m-ɢˤ<r>a~*m-ɢˤ<r>a,GongLiangYu,SOUND
yà~yà,ya~ya,ya4~ya4,軋軋,轧轧,'eat~'eat,*qˤrət~*qˤrət,GongLiangYu,SOUND
yà~yī,ya~yi,ya4~yi1,軋伊,轧伊,'eat~'jij,*qˤrət~*ʔij,GongLiangYu,SOUND
yè~yè,yan~yan,ye4~ye4,咽咽,咽咽,'en~'en,*ʔˤi[n]~*ʔˤi[n],GongLiangYu,SOUND
yī~lī~wū~lú,yi~li~wu~lu,yi1~li1~wu1~lu2,伊哩烏蘆,伊哩乌芦,'jij~NA~'u~lu,*ʔij~NA~*[ʔ]ˤa~*C.rˤa,GongLiangYu,SOUND
yī~lī~wū~lú,yi~li~wu~lu,yi1~li1~wu1~lu2,咿嚦嗚剌,咿呖呜剌,'jij~NA~NA~lat,*[ʔ]ij~NA~NA~*mə.rˤat (~ C.rˤat ?),GongLiangYu,SOUND
yī~lī~wū~lú,yi~li~wu~lu,yi1~li1~wu1~lu2,一留兀淥,一留兀渌,'jit~ljuw~ngwot,*ʔi[t]~*C.ru~*[ŋ]ˤut,GongLiangYu,SOUND
yī~wū,yi~wu,yi1~wu1,咿嗚,咿呜,'jij,*[ʔ]ij,GongLiangYu,SOUND
yī~wū,yi~wu,yi1~wu1,咿唔,咿唔,'jij,*[ʔ]ij,GongLiangYu,SOUND
yī~yā,yi~ya,yi1~ya1,咿呀,咿呀,'jij,*[ʔ]ij,GongLiangYu,SOUND
yī~yā,yi~ya,yi1~ya1,咿軋,咿轧,'jij~'eat,*[ʔ]ij~*qˤrət,GongLiangYu,SOUND
yī~yā,yi~ya,yi1~ya1,伊軋,伊轧,'jij~'eat,*ʔij~*qˤrət,GongLiangYu,SOUND
yī~yī,yi~yi,yi1~yi1,咿咿,咿咿,'jij~'jij,*[ʔ]ij~*[ʔ]ij,GongLiangYu,SOUND
yī~yī~yā,yi~yi~ya,yi1~yi1~ya1,咿咿呀,咿咿呀,'jij~'jij,*[ʔ]ij~*[ʔ]ij,GongLiangYu,SOUND
yī~yī~wǎn~wǎn,yi~yi~wan~wan,yi1~yi1~wan3~wan3,咿咿宛宛,咿咿宛宛,'jij~'jij~'jwonX~'jwonX,*[ʔ]ij~*[ʔ]ij~*[ʔ]o[r]ʔ~*[ʔ]o[r]ʔ,GongLiangYu,SOUND
yī~yī~yǎ~yǎ,yi~yi~ya~ya,yi1~yi1~ya3~ya3,咿咿啞啞,咿咿哑哑,'jij~'jij~'aeX~'aeX,*[ʔ]ij~*[ʔ]ij~*ʔˤraʔ~*ʔˤraʔ,GongLiangYu,SOUND
yī~yī~yā~yā,yi~yi~ya~ya,yi1~yi1~ya1~ya1,咿咿呀呀,咿咿呀呀,'jij~'jij,*[ʔ]ij~*[ʔ]ij,GongLiangYu,SOUND
yì~yì,yi~yi,yi4~yi4,咦咦,咦咦,NA,NA,GongLiangYu,SOUND
yí~yí~wēng~wēng,yi~yi~weng~weng,yi2~yi2~weng1~weng1,咦咦嗡嗡,咦咦嗡嗡,NA,NA,GongLiangYu,SOUND
yín~yín,yin~yin,yin2~yin2,狺狺,狺狺,NA,NA,GongLiangYu,SOUND
yǐn~yǐn,yin~yin,yin3~yin3,隱隱,隐隐,'j+nX~'j+nX,*[ʔ](r)ə[n]ʔ~*[ʔ](r)ə[n]ʔ,GongLiangYu,SOUND
yīn~yīn,yin~yin,yin1~yin1,殷殷,殷殷,'ean~'ean,*ʔˤrə[r]~*ʔˤrə[r],GongLiangYu,SOUND
yǐn~yǐn~hōng~hōng,yin~yin~hong~hong,yin3~yin3~hong1~hong1,隱隱轟轟,隐隐轰轰,'j+nX~'j+nX,*[ʔ](r)ə[n]ʔ~*[ʔ](r)ə[n]ʔ,GongLiangYu,SOUND
yīng,ying,ying1,嚶,嘤,NA,NA,GongLiangYu,SOUND
yīng~yīng,ying~ying,ying1~ying1,嚶嚶,嘤嘤,NA,NA,GongLiangYu,SOUND
yīng~yīng,ying~ying,ying1~ying1,譻譻,譻譻,NA,NA,GongLiangYu,SOUND
yīng~yīng~wēng~wēng,ying~ying~weng~weng,ying1~ying1~weng1~weng1,嚶嚶翁翁,嘤嘤翁翁,NA~NA~'uwng~'uwng,NA~NA~*qˤoŋ~*qˤoŋ,GongLiangYu,SOUND
yíng~yíng,ying~ying,ying2~ying2,營營,营营,yweng~yweng,*[ɢ]ʷeŋ~*[ɢ]ʷeŋ,GongLiangYu,SOUND
yóng~yóng,yong~yong,yong2~yong2,喁喁,喁喁,NA,NA,GongLiangYu,SOUND
yōu~yōu,you~you,you1~you1,呦呦,呦呦,NA,NA,GongLiangYu,SOUND
yū,xu,yu1,吁,吁,xju,*qʷʰ(r)a,GongLiangYu,SOUND
yué,yue,yue2,噦,哕,NA,NA,GongLiangYu,SOUND
zǎ~zǎ,zha~zha,za3~za3,咋咋,咋咋,NA,NA,GongLiangYu,SOUND
zé~zé,ze~ze,ze2~ze2,嘖嘖,啧啧,NA,NA,GongLiangYu,SOUND
zé~zé,ze~ze,ze2~ze2,則則,则则,tsok~tsok,*[ts]ˤək~*[ts]ˤək,GongLiangYu,SOUND
zhā~zhā,zha~zha,zha1~zha1,扎扎,扎扎,NA,NA,GongLiangYu,SOUND
zhā~zhā,zha~zha,zha1~zha1,查查,查查,NA,NA,GongLiangYu,SOUND
zhōu~jīu,zhou~jiu,zhou1~jiu1,啁啾,啁啾,traew,*tˤriw,GongLiangYu,SOUND
dīng~dīng,ding~ding,ding1~ding1,丁丁,丁丁,teng~teng,*tˤeŋ~*tˤeŋ,GongLiangYu,SOUND
zhēng~zhēng,zheng~zheng,zheng1~zheng1,錚錚,铮铮,NA,NA,GongLiangYu,SOUND
zhī~lēng,zhi~leng,zhi1~leng1,支楞,支楞,tsye,*ke,GongLiangYu,SOUND
zhī~lēng~lēng,zhi~leng~leng,zhi1~leng1~leng1,支楞楞,支楞楞,tsye,*ke,GongLiangYu,SOUND
zhī~lēng~lēng~zhēng,zhi~leng~leng~zheng,zhi1~leng1~leng1~zheng1,支楞楞爭,支楞楞争,tsye~NA~NA~tsreang,*ke~NA~NA~*[ts]ˤreŋ (~ *m-tsˤreŋ or *mə-tsˤreŋ),GongLiangYu,SOUND
zhī~lēng~zhī~lēng,zhi~leng~zhi~leng,zhi1~leng1~zhi1~leng1,支楞支楞,支楞支楞,tsye~NA~tsye,*ke~NA~*ke,GongLiangYu,SOUND
zhī~lóu~lóu,zhi~lou~lou,zhi1~lou2~lou2,吱嘍嘍,吱喽喽,NA,NA,GongLiangYu,SOUND
zhīr~zhīr,zhi~er~zhi~er,zhir1~zhir1,吱兒吱兒,吱儿吱儿,NA~nye~NA~nye,NA~*ŋe~NA~*ŋe,GongLiangYu,SOUND
zhī~zhī,zhi~zhi,zhi1~zhi1,吱吱,吱吱,NA,NA,GongLiangYu,SOUND
zhī~zhī~zhī,zhi~zhi~zhi,zhi1~zhi1~zhi1,吱吱吱,吱吱吱,NA,NA,GongLiangYu,SOUND
zhī~zhī~gā~gā,zhi~zhi~ga~ga,zhi1~zhi1~ga1~ga1,吱吱嘎嘎,吱吱嘎嘎,NA,NA,GongLiangYu,SOUND
zhī~zhī~gē~gē,zhi~zhi~ge~ge,zhi1~zhi1~ge1~ge1,吱吱格格,吱吱格格,NA~NA~kaek~kaek,NA~NA~*kˤrak~*kˤrak,GongLiangYu,SOUND
zhōu~zhōu,zhou~zhou,zhou1~zhou1,喌喌,喌喌,NA,NA,GongLiangYu,SOUND
zhōu~zhōu,zhou~zhou,zhou1~zhou1,朱朱,朱朱,tsyu~tsyu,*to~*to,GongLiangYu,SOUND
zhōu~zhōu,zhou~zhou,zhou1~zhou1,祝祝,祝祝,tsyuwH~tsyuwH,*[t]uk-s~*[t]uk-s,GongLiangYu,SOUND
zhī~zhī,zhi~zhi,zhi1~zhi1,吱吱,吱吱,NA,NA,GongLiangYu,SOUND
zhī~zhī,zhi~zhi,zhi1~zhi1,支支,支支,tsye~tsye,*ke~*ke,GongLiangYu,SOUND
zú~lǜ~lǜ,zu~lv~lv,zu2~lü4~lü4,卒律律,卒律律,tswit~lwit~lwit,*[ts]ut~*[r]ut~*[r]ut,GongLiangYu,SOUND
zú~lǜ~lǜ,zu~lv~lv,zu2~lü4~lü4,崒律律,崒律律,NA~lwit~lwit,NA~*[r]ut~*[r]ut,GongLiangYu,SOUND
zú~zú,zu~zu,zu2~zu2,足足,足足,tsjuH~tsjuH,*[ts]ok-s~*[ts]ok-s,GongLiangYu,SOUND
zuò~zuò~suǒ~suǒ,zuo~zuo~suo~suo,zuo4~zuo4~suo3~suo3,作作索索,作作索索,tsak~tsak~sak~sak,*[ts]ˤak~*[ts]ˤak~*[s]ˤak~*[s]ˤak,GongLiangYu,SOUND
ā~tì,a~ti,a1~ti4,阿啛,阿啛,'a,*qˤa[j],GongLiangYu,SOUND
ā~tì,a~ti,a1~ti4,阿鵲,阿鹊,'a~tshjak,*qˤa[j]~*[tsʰ]ak,GongLiangYu,SOUND
áo~áo,ao~ao,ao2~ao2,嗸嗸,嗸嗸,ngaw~ngaw,*ŋˤaw~*ŋˤaw,GongLiangYu,SOUND
bì~bì~bō~bō,bi~bi~bo~bo,bi4~bi4~bo1~bo1,咇咇剝剝,咇咇剥剥,NA~NA~paewk~paewk,NA~NA~*[p]ˤrok (~ *mə-pˤrok)~*[p]ˤrok (~ *mə-pˤrok),GongLiangYu,SOUND
bì~bì~bō~bō,bi~bi~bo~bo,bi4~bi4~bo1~bo1,必必剝剝,必必剥剥,pjit~pjit~paewk~paewk,*pi[t]~*pi[t]~*[p]ˤrok (~ *mə-pˤrok)~*[p]ˤrok (~ *mə-pˤrok),GongLiangYu,SOUND
chán~chán,zhuo~chan,chan2~chan2,灂瀺,灂瀺,NA,NA,GongLiangYu,SOUND
chán~chán,zhuo~chan,chan2~chan2,瀺灂,瀺灂,NA,NA,GongLiangYu,SOUND
cùi~cài,cui~chan,cui4~cai4,綷瀺,綷瀺,NA,NA,GongLiangYu,SOUND
cùi~cài,cui~cai,cui4~cai4,綷䌨,綷䌨,NA,NA,GongLiangYu,SOUND
cùi~cài,cui~cai,cui4~cai4,萃蔡,萃蔡,dzwijH~tshajH,*[dz][u]p-s~*s.r̥̥ˤat-s,GongLiangYu,SOUND
cùi~cài,cui~cai,cui4~cai4,綷粲,綷粲,NA~tshanH,NA~*[tsʰ]ˤar-s,GongLiangYu,SOUND
è~è,ai~ai,e4~e4,䬵䬵,䬵䬵,NA,NA,GongLiangYu,SOUND
gè~dēng,luo~deng,ge4~deng1,硌噔,硌噔,NA,NA,GongLiangYu,SOUND
gū~lù~lù,wa~lu~lu,gu1~lu4~lu4,嗗碌碌,嗗碌碌,NA,NA,GongLiangYu,SOUND
gū~lù~lù,wa~lu~lu,gu1~lu4~lu4,嗗㖨㖨,嗗㖨㖨,NA,NA,GongLiangYu,SOUND
guā~guā~zā~zā,gua~gua~zan~zan,gua1~gua1~za1~za1,刮刮桚桚,刮刮桚桚,kwaet~kwaet,*[kʷˤ]r[a]t~*[kʷˤ]r[a]t,GongLiangYu,SOUND
guā~lā~lā,huo~la~la,gua1~la1~la1,豁辣辣,豁辣辣,NA~lat~lat,NA~*mə.rˤat (~ C.rˤat ?)~*mə.rˤat (~ C.rˤat ?),GongLiangYu,SOUND
hōng~yǐn,hong~yin,hong1~yin3,訇磤,訇磤,NA,NA,GongLiangYu,SOUND
hóng~lóng,hong~long,hong2~long2,䃔䃧,䃔䃧,NA,NA,GongLiangYu,SOUND
hōu~hōu`,qu~qu,hou1~hou1,蘧蘧,蘧蘧,NA,NA,GongLiangYu,SOUND
kē,ke,ke1,磕,磕,NA,NA,GongLiangYu,SOUND
luò~xù,𡀩~xu,luo4~xu4,𡀩噓,𡀩嘘,NA,NA,GongLiangYu,SOUND
nán~nán,nan~nan,nan2~nan2,諵諵,諵諵,NA,NA,GongLiangYu,SOUND
sāo~sāo,𢱟~𢱟,sao1~sao1,𢱟𢱟,𢱟𢱟,NA,NA,GongLiangYu,SOUND
sè~sè,cu~cu,se4~se4,槭槭,槭槭,NA,NA,GongLiangYu,SOUND
yǐn~yǐn,𨏈~𨏈,yin3~yin3,𨏈𨏈,𨏈𨏈,NA,NA,GongLiangYu,SOUND
yíng~sù,hua~shu,ying2~su4,㕲漱,㕲漱,NA~srjuwH,NA~*[s]rok-s,GongLiangYu,SOUND
zú~lǜ~lǜ,𢔙~lv~lv,zu2~lü4~lü4,𢔙律律,𢔙律律,NA~lwit~lwit,NA~*[r]ut~*[r]ut,GongLiangYu,SOUND
